id,grade,domain,title,draft_items,nonheld_drafts,held_items,knowledge_families,coverage,item_ids
G10-E-1,10,EARTH_SPACE,identify modern scientific processes used to detect and measure the displacement of tectonic plates,1,1,0,1,narrow supporting recall sampled; not full mastery,ha-g10-0061
G10-E-10,10,EARTH_SPACE,"describe how global climatic phenomena, such as the El Niño Southern Oscillation, may impact weather systems",3,3,0,3,narrow supporting recall sampled; not full mastery,ha-g10-0075|ha-g10-0076|ha-g10-0077
G10-E-11,10,EARTH_SPACE,identify local impacts of global climate change and suggest ways that individuals can do to reduce the impact of global warming,1,1,0,1,narrow supporting recall sampled; not full mastery,ha-g10-0078
G10-E-12,10,EARTH_SPACE,"explain how increased societal uses of renewable energies could mitigate the effects of global climate change, including how the Philippines could make better use of its plentiful natural resources",2,2,0,2,narrow supporting recall sampled; not full mastery,ha-g10-0079|ha-g10-0080
G10-E-2,10,EARTH_SPACE,"describe the structures, movements and events that occur at each type of plate boundary",1,1,0,1,narrow supporting recall sampled; not full mastery,ha-g10-0065
G10-E-3,10,EARTH_SPACE,"identify the locations of major mountains, faults, volcanos, and ocean trenches using a map of the Philippine Archipelago, and interpret the features in relation to plate tectonics",1,1,0,1,narrow supporting recall sampled; not full mastery,ha-g10-0068
G10-E-4,10,EARTH_SPACE,"predict the position and shape of the Philippine Archipelago in 50 million years, based on the current velocity of the Philippine Plate",0,0,0,0,not sampled by a non-held draft,
G10-E-5,10,EARTH_SPACE,gather information from secondary sources to describe and explain what mechanisms that drive the movement of tectonic plates including the role of the asthenosphere,3,3,0,3,narrow supporting recall sampled; not full mastery,ha-g10-0062|ha-g10-0063|ha-g10-0064
G10-E-6,10,EARTH_SPACE,explain how the subduction of an oceanic plate impacts on the plate above it,1,1,0,1,narrow supporting recall sampled; not full mastery,ha-g10-0069
G10-E-7,10,EARTH_SPACE,explain how plate tectonics can be used to explain the formation of the largest mountain ranges on Earth including the Himalayas and the Andes mountains,2,2,0,2,narrow supporting recall sampled; not full mastery,ha-g10-0066|ha-g10-0067
G10-E-8,10,EARTH_SPACE,identify evidence of global warming and climate change,3,3,0,3,narrow supporting recall sampled; not full mastery,ha-g10-0070|ha-g10-0071|ha-g10-0074
G10-E-9,10,EARTH_SPACE,identify the role of greenhouse gases in enhanced global warming and climate change,2,2,0,2,narrow supporting recall sampled; not full mastery,ha-g10-0072|ha-g10-0073
G10-F-1,10,FORCE_MOTION_ENERGY,"investigate and describe the relationship among the projectile variables including the angle and velocity of release, and projectile height and range, using everyday activities such as shooting basketballs or kicking footballs",3,3,0,3,narrow supporting recall sampled; not full mastery,ha-g10-0041|ha-g10-0042|ha-g10-0043
G10-F-10,10,FORCE_MOTION_ENERGY,describe and explain the need for safety precautions in handling household electrical devices,2,2,0,2,narrow supporting recall sampled; not full mastery,ha-g10-0054|ha-g10-0055
G10-F-11,10,FORCE_MOTION_ENERGY,describe the similarities and differences between electric motors and electric generators,2,2,0,1,narrow supporting recall sampled; not full mastery,ha-g10-0056|ha-g10-0057
G10-F-12,10,FORCE_MOTION_ENERGY,collaborate in a class discussion to identify ways to reduce the use of electrical energy in Filipino houses and communities and explain what local and global benefits can be achieved,1,1,0,1,narrow supporting recall sampled; not full mastery,ha-g10-0058
G10-F-13,10,FORCE_MOTION_ENERGY,gather information from secondary sources to evaluate how renewable and non-renewable generation of electricity in the Philippines impacts human activities and the environment,2,2,0,2,narrow supporting recall sampled; not full mastery,ha-g10-0059|ha-g10-0060
G10-F-2,10,FORCE_MOTION_ENERGY,describe different types of collisions as elastic or inelastic by providing some examples,2,2,0,1,narrow supporting recall sampled; not full mastery,ha-g10-0044|ha-g10-0045
G10-F-3,10,FORCE_MOTION_ENERGY,use models to investigate elastic or inelastic collisions and describe the forces involved and their effects,0,0,0,0,not sampled by a non-held draft,
G10-F-4,10,FORCE_MOTION_ENERGY,explain that momentum depends on the mass and the velocity of a moving object that can be used to predict the impact the object will have if it hits another object,1,1,0,1,narrow supporting recall sampled; not full mastery,ha-g10-0046
G10-F-5,10,FORCE_MOTION_ENERGY,"carry out guided investigations using different objects to describe momentum-related relationships, such as the more momentum an object has, the harder for it to stop",1,1,0,1,narrow supporting recall sampled; not full mastery,ha-g10-0047
G10-F-6,10,FORCE_MOTION_ENERGY,"identify and explain that to change the momentum of an object, it is necessary to apply a force on the object over a period of time",1,1,0,1,narrow supporting recall sampled; not full mastery,ha-g10-0048
G10-F-7,10,FORCE_MOTION_ENERGY,"gather information from secondary sources to identify ways to reduce the impact of collisions such as seatbelts, airbags, and crumple zones in vehicles",1,1,0,1,narrow supporting recall sampled; not full mastery,ha-g10-0049
G10-F-8,10,FORCE_MOTION_ENERGY,identify that momentum is conserved before and after the collision of objects,1,1,0,1,narrow supporting recall sampled; not full mastery,ha-g10-0050
G10-F-9,10,FORCE_MOTION_ENERGY,"describe how high voltage electricity from power plants is generated and safely distributed to industries, businesses, and homes, including the role of substations (grid stations), and electric meters",3,3,0,3,narrow supporting recall sampled; not full mastery,ha-g10-0051|ha-g10-0052|ha-g10-0053
G10-L-1,10,LIVING_THINGS,"describe homeostasis as a state of balance among all the body systems in humans that needs to be maintained for survival and proper functioning; its indicators include body temperature, glucose level, and blood pressure",2,2,0,2,narrow supporting recall sampled; not full mastery,ha-g10-0021|ha-g10-0022
G10-L-10,10,LIVING_THINGS,"discuss the factors that limit the ecosystem's carrying capacity, such as adequate food, shelter, water, and mates",2,2,0,2,narrow supporting recall sampled; not full mastery,ha-g10-0038|ha-g10-0039
G10-L-11,10,LIVING_THINGS,explain that the ecosystem's population growth slows down as it gets closer to the carrying capacity,1,1,0,1,narrow supporting recall sampled; not full mastery,ha-g10-0040
G10-L-2,10,LIVING_THINGS,"explain how homeostasis is maintained through various feedback mechanisms, both positive and negative",2,2,0,1,narrow supporting recall sampled; not full mastery,ha-g10-0023|ha-g10-0024
G10-L-3,10,LIVING_THINGS,use information from secondary sources to describe natural selection as the primary mechanism driving evolutionary change,1,1,0,1,narrow supporting recall sampled; not full mastery,ha-g10-0025
G10-L-4,10,LIVING_THINGS,"discuss in small groups important concepts in the theories of evolution, such as variation, heredity, isolation, selection, and adaptation",1,1,0,1,narrow supporting recall sampled; not full mastery,ha-g10-0026
G10-L-5,10,LIVING_THINGS,"use information from secondary sources to explain how lines of evidence, such as fossils, biogeography, and comparative morphology, support the occurrence of evolution",4,4,0,4,narrow supporting recall sampled; not full mastery,ha-g10-0027|ha-g10-0028|ha-g10-0029|ha-g10-0030
G10-L-6,10,LIVING_THINGS,explain the term biotechnology and provide examples,1,1,0,1,narrow supporting recall sampled; not full mastery,ha-g10-0031
G10-L-7,10,LIVING_THINGS,"use information from secondary sources to identify the products of traditional biotechnology through fermentation (e.g. cheese, soy sauce, vinegar, nata de coco)",4,4,0,4,narrow supporting recall sampled; not full mastery,ha-g10-0032|ha-g10-0033|ha-g10-0034|ha-g10-0035
G10-L-8,10,LIVING_THINGS,"use information from secondary sources to identify examples of modern biotechnology, such as genetically modified organisms and processes (e.g. in vitro fertilization)",2,2,0,1,narrow supporting recall sampled; not full mastery,ha-g10-0036|ha-g10-0037
G10-L-9,10,LIVING_THINGS,"participate in a class debate on the societal, environmental, and ethical implications of using biotechnological products and methods",0,0,0,0,not sampled by a non-held draft,
G10-M-1,10,MATTER,"describe the indicators for a chemical reaction as color change, the formation of a precipitate, the release of gas, and or odor, or a change in temperature",1,1,0,1,narrow supporting recall sampled; not full mastery,ha-g10-0001
G10-M-2,10,MATTER,"identify common acids, bases, and salts (e.g., hydrochloric acid, sodium hydroxide, and saline solution) using different indicators",4,4,0,3,narrow supporting recall sampled; not full mastery,ha-g10-0002|ha-g10-0003|ha-g10-0004|ha-g10-0005
G10-M-3,10,MATTER,"describe important types of chemical reactions (combination, decomposition, single replacement, double replacement)",4,4,0,3,narrow supporting recall sampled; not full mastery,ha-g10-0006|ha-g10-0007|ha-g10-0008|ha-g10-0009
G10-M-4,10,MATTER,"explain how important types of chemical reactions, such as combustion, acids on metals, acids on carbonates, photosynthesis, and respiration, relate to or impact the natural and built environments using information from secondary sources",3,3,0,3,narrow supporting recall sampled; not full mastery,ha-g10-0010|ha-g10-0011|ha-g10-0012
G10-M-5,10,MATTER,"recognize that scientists: a. use chemical equations to describe chemical reactions, and b. write equations in word form and using formula for common chemical reactions",0,0,0,0,not sampled by a non-held draft,
G10-M-6,10,MATTER,explain that chemical equations demonstrate a rearrangement of atoms but the total mass of the system remains the same during a chemical reaction,2,2,0,2,narrow supporting recall sampled; not full mastery,ha-g10-0013|ha-g10-0015
G10-M-7,10,MATTER,apply the principles of conservation of mass to balance chemical equations,1,1,0,1,narrow supporting recall sampled; not full mastery,ha-g10-0014
G10-M-8,10,MATTER,"explain the factors affecting the rates of chemical reactions as applied in food preservation and materials production, control of fire, pollution, and corrosion",3,3,0,3,narrow supporting recall sampled; not full mastery,ha-g10-0016|ha-g10-0017|ha-g10-0018
G10-M-9,10,MATTER,identify that chemical reactions may be exothermic or endothermic,2,2,0,1,narrow supporting recall sampled; not full mastery,ha-g10-0019|ha-g10-0020
G3-E-1,3,EARTH_SPACE,"participate in guided activities to locate and describe different types of non-living things found in and around their school, such as rocks, soil, water, air, metals, clouds, rain, and sunlight",2,2,0,2,narrow supporting recall sampled; not full mastery,ha-g3-0043|ha-g3-0046
G3-E-2,3,EARTH_SPACE,identify some useful things that people have made from non-living materials and describe what natural materials have been used to make the items,3,2,1,2,narrow supporting recall sampled; not full mastery,ha-g3-0010|ha-g3-0044|ha-g3-0045
G3-E-3,3,EARTH_SPACE,recognize that the non-living materials that make up the environment are referred to as 'earth materials',0,0,0,0,not sampled by a non-held draft,
G3-E-4,3,EARTH_SPACE,observe and record changes in the weather during a day or over some days and describe the different types and patterns of weather in the local area,3,3,0,2,narrow supporting recall sampled; not full mastery,ha-g3-0011|ha-g3-0047|ha-g3-0048
G3-E-5,3,EARTH_SPACE,describe how changes in the weather can affect daily activities and explain how some types of weather can be dangerous for people,0,0,0,0,not sampled by a non-held draft,
G3-E-6,3,EARTH_SPACE,"participate in guided activities to carefully observe and describe the natural objects commonly seen in the sky during daytime and nighttime, including the Sun, the Moon, planets, and stars",2,1,1,1,narrow supporting recall sampled; not full mastery,ha-g3-0012|ha-g3-0049
G3-E-7,3,EARTH_SPACE,"participate in guided activities to explore and record how and when the Sun, the Moon, planets, and stars can be seen moving across the sky",2,2,0,2,narrow supporting recall sampled; not full mastery,ha-g3-0050|ha-g3-0051
G3-E-8,3,EARTH_SPACE,explain how natural objects in the sky affect activities of people,0,0,0,0,not sampled by a non-held draft,
G3-E-9,3,EARTH_SPACE,describe safety measures that people can use to avoid the harmful effects of the Sun's light,1,1,0,1,narrow supporting recall sampled; not full mastery,ha-g3-0052
G3-F-1,3,FORCE_MOTION_ENERGY,"explore and demonstrate different ways to make objects move by natural causes, such as wind and water, or by people, such as pushing, pulling, rolling, and carrying",4,4,0,3,narrow supporting recall sampled; not full mastery,ha-g3-0007|ha-g3-0033|ha-g3-0034|ha-g3-0035
G3-F-2,3,FORCE_MOTION_ENERGY,"explore and describe things that affect the movement of objects, including size, shape, heaviness, material, and surface texture",1,1,0,1,narrow supporting recall sampled; not full mastery,ha-g3-0036
G3-F-3,3,FORCE_MOTION_ENERGY,"measure and describe changes in the position of people or objects in relation to their original position, such as moving closer, farther, left, or right",1,1,0,1,narrow supporting recall sampled; not full mastery,ha-g3-0037
G3-F-4,3,FORCE_MOTION_ENERGY,"explore and describe how sound is made and transferred in everyday situations, such as the ringing of a bell or the hearing of noises",5,5,0,2,narrow supporting recall sampled; not full mastery,ha-g3-0008|ha-g3-0038|ha-g3-0039|ha-g3-0075|ha-g3-0076
G3-F-5,3,FORCE_MOTION_ENERGY,describe sources of light and their use in everyday situations,1,1,0,1,narrow supporting recall sampled; not full mastery,ha-g3-0040
G3-F-6,3,FORCE_MOTION_ENERGY,"participate in guided science activities to explore and describe sources of light, how it behaves or can be changed, and its uses in everyday situations",3,3,0,3,narrow supporting recall sampled; not full mastery,ha-g3-0009|ha-g3-0041|ha-g3-0042
G3-F-7,3,FORCE_MOTION_ENERGY,explain how light and sound can be harmful to people and make suggestions on how to protect oneself from them,0,0,0,0,not sampled by a non-held draft,
G3-F-8,3,FORCE_MOTION_ENERGY,"participate in guided activities to explore and describe some ways to use movement, sound, and light to send information between two people",0,0,0,0,not sampled by a non-held draft,
G3-L-1,3,LIVING_THINGS,"use the skills of observing, predicting, and measuring in performing simple guided science activities",0,0,0,0,not sampled by a non-held draft,
G3-L-2,3,LIVING_THINGS,observe and describe the difference between living and non-living things and give examples of each that can be found in the local environment,1,1,0,1,narrow supporting recall sampled; not full mastery,ha-g3-0054
G3-L-3,3,LIVING_THINGS,"describe the characteristics of living things: they grow, respond, and reproduce",6,6,0,5,narrow supporting recall sampled; not full mastery,ha-g3-0004|ha-g3-0053|ha-g3-0055|ha-g3-0056|ha-g3-0062|ha-g3-0066
G3-L-4,3,LIVING_THINGS,"observe and describe the outer body parts of animals, such as head, legs or wings, and identify their role to move and to gather food",6,6,0,6,narrow supporting recall sampled; not full mastery,ha-g3-0005|ha-g3-0057|ha-g3-0058|ha-g3-0059|ha-g3-0060|ha-g3-0061
G3-L-5,3,LIVING_THINGS,"observe the outer parts of plants, such as leaves, roots, and stems and identify their role to get water and nutrients from the soil",3,3,0,3,narrow supporting recall sampled; not full mastery,ha-g3-0006|ha-g3-0063|ha-g3-0064
G3-L-6,3,LIVING_THINGS,"identify the basic needs of all living things, such as air, food, water, and shelter",4,4,0,4,narrow supporting recall sampled; not full mastery,ha-g3-0065|ha-g3-0067|ha-g3-0068|ha-g3-0069
G3-L-7,3,LIVING_THINGS,observe examples and explain how living things depend on one another and on the environment to meet their basic needs,3,3,0,3,narrow supporting recall sampled; not full mastery,ha-g3-0070|ha-g3-0071|ha-g3-0072
G3-L-8,3,LIVING_THINGS,recognize that there is a need to protect and conserve the environment for living things to survive,0,0,0,0,not sampled by a non-held draft,
G3-M-1,3,MATTER,"identify objects, activities, or natural events observed in their local environment that can be explained by science",0,0,0,0,not sampled by a non-held draft,
G3-M-2,3,MATTER,participate in guided science activities by asking questions and tinkering with materials,0,0,0,0,not sampled by a non-held draft,
G3-M-3,3,MATTER,"describe the uses of various science equipment and materials used in simple activities, such as a ruler, hand lens, scissors, balloons, modeling clay, and cardboard",1,1,0,1,narrow supporting recall sampled; not full mastery,ha-g3-0001
G3-M-4,3,MATTER,"describe different science process skills used in performing simple science activities, such as observing, predicting, and measuring using units such as millimeter, centimeter, and meter",0,0,0,0,not sampled by a non-held draft,
G3-M-5,3,MATTER,"describe the physical properties of solid materials, such as hard, shiny, or stretchable",1,1,0,1,narrow supporting recall sampled; not full mastery,ha-g3-0002
G3-M-6,3,MATTER,"explain that changes in materials can be harmful to living and non-living things in the environment, such as trash disposal, and burning household materials",3,3,0,3,narrow supporting recall sampled; not full mastery,ha-g3-0020|ha-g3-0022|ha-g3-0025
G3-M-7,3,MATTER,"demonstrate proper handling and disposal of materials according to their properties, such as reusing objects, disposing of excess oil into garbage, and recycling paper, plastic or glass",12,12,0,9,narrow supporting recall sampled; not full mastery,ha-g3-0013|ha-g3-0014|ha-g3-0015|ha-g3-0016|ha-g3-0017|ha-g3-0018|ha-g3-0019|ha-g3-0021|ha-g3-0023|ha-g3-0024|ha-g3-0073|ha-g3-0074
G3-M-8,3,MATTER,"describe how changes in solid materials make them useful, such as when they are shaped, pressed, hammered, joined, or cut",1,1,0,1,narrow supporting recall sampled; not full mastery,ha-g3-0003
G3-M-9,3,MATTER,"identify the properties and uses of metals used by the local community such as iron, gold, silver, and copper",7,7,0,7,narrow supporting recall sampled; not full mastery,ha-g3-0026|ha-g3-0027|ha-g3-0028|ha-g3-0029|ha-g3-0030|ha-g3-0031|ha-g3-0032
G4-E-1,4,EARTH_SPACE,"participate in guided activities using simple equipment to compare different types of soil including sandy, clay, silt, and loam, including comparing the ability of the soils to hold water",3,3,0,3,narrow supporting recall sampled; not full mastery,ha-g4-0041|ha-g4-0042|ha-g4-0043
G4-E-2,4,EARTH_SPACE,recognize that water is one of the basic needs of plants and animals,2,2,0,2,narrow supporting recall sampled; not full mastery,ha-g4-0044|ha-g4-0046
G4-E-3,4,EARTH_SPACE,participate in a guided investigation to identify the effect of different types of soil on the growth of plants,1,1,0,1,narrow supporting recall sampled; not full mastery,ha-g4-0045
G4-E-4,4,EARTH_SPACE,"identify some of the basic characteristics used to describe the weather, such as air temperature, air pressure, wind speed, wind direction, humidity, rain, and cloud cover",1,1,0,1,narrow supporting recall sampled; not full mastery,ha-g4-0053
G4-E-5,4,EARTH_SPACE,use weather instruments to measure and record some of the characteristics of weather during a school day,6,6,0,6,narrow supporting recall sampled; not full mastery,ha-g4-0047|ha-g4-0048|ha-g4-0049|ha-g4-0050|ha-g4-0051|ha-g4-0052
G4-E-6,4,EARTH_SPACE,examine a local weather chart to make simple interpretations about the local weather and describe and practice safety precautions to use during poor or extreme weather conditions,2,2,0,2,narrow supporting recall sampled; not full mastery,ha-g4-0054|ha-g4-0055
G4-E-7,4,EARTH_SPACE,"describe some of the overall characteristics of the Sun, such as its composition, its size, and the main energy it radiates",3,3,0,3,narrow supporting recall sampled; not full mastery,ha-g4-0056|ha-g4-0057|ha-g4-0058
G4-E-8,4,EARTH_SPACE,describe the changes in the direction and length of shadows from a shadow stick and use the information to infer why the Sun changes position during a day,2,2,0,2,narrow supporting recall sampled; not full mastery,ha-g4-0059|ha-g4-0060
G4-E-9,4,EARTH_SPACE,make suggestions about the importance of the Sun to living things for a group or class discussion and confirm and record ideas by referring to trustworthy secondary sources,0,0,0,0,not sampled by a non-held draft,
G4-F-1,4,FORCE_MOTION_ENERGY,participate in guided activities to discover and predict how rigid and soft objects can be moved and/or changed in shape,0,0,0,0,not sampled by a non-held draft,
G4-F-10,4,FORCE_MOTION_ENERGY,"observe and identify sources and uses of light, sound, and heat energy at school, at home and in the local community",3,3,0,3,narrow supporting recall sampled; not full mastery,ha-g4-0038|ha-g4-0039|ha-g4-0040
G4-F-2,4,FORCE_MOTION_ENERGY,measure accurately the distance and time when things move using simple equipment,2,2,0,2,narrow supporting recall sampled; not full mastery,ha-g4-0021|ha-g4-0022
G4-F-3,4,FORCE_MOTION_ENERGY,identify that how far an object moves in a given time is called speed,3,3,0,2,narrow supporting recall sampled; not full mastery,ha-g4-0023|ha-g4-0024|ha-g4-0025
G4-F-4,4,FORCE_MOTION_ENERGY,"construct and label simple graphs of different speeds including stationary and uniform speeds, both fast and slow",1,1,0,1,narrow supporting recall sampled; not full mastery,ha-g4-0026
G4-F-5,4,FORCE_MOTION_ENERGY,"participate in guided activities to demonstrate that pushes and pulls can be used to change the speed and direction of an object including making it go faster, turn it to a different direction, slow it down, and stop it",2,2,0,2,narrow supporting recall sampled; not full mastery,ha-g4-0027|ha-g4-0028
G4-F-6,4,FORCE_MOTION_ENERGY,"determine how forces can change the shape of objects such as when they are pushed, pulled, stretched, bent, twisted, or squeezed",2,2,0,2,narrow supporting recall sampled; not full mastery,ha-g4-0029|ha-g4-0030
G4-F-7,4,FORCE_MOTION_ENERGY,"carry out guided investigations to identify the properties of magnets, including how they affect other magnets and objects made of different materials",5,5,0,4,narrow supporting recall sampled; not full mastery,ha-g4-0031|ha-g4-0032|ha-g4-0033|ha-g4-0034|ha-g4-0035
G4-F-8,4,FORCE_MOTION_ENERGY,"identify examples of how objects can affect other objects even when they are not in contact with each other, such as magnets attracting other objects, light from the sun, and loud noises hurting our ears",1,1,0,1,narrow supporting recall sampled; not full mastery,ha-g4-0036
G4-F-9,4,FORCE_MOTION_ENERGY,"identify that energy is something that can cause change including light, sound, and heat energy",1,1,0,1,narrow supporting recall sampled; not full mastery,ha-g4-0037
G4-L-1,4,LIVING_THINGS,"describe in simple terms how the following human body systems work: muscular, skeletal, digestive, circulatory, and respiratory",8,8,0,8,narrow supporting recall sampled; not full mastery,ha-g4-0012|ha-g4-0013|ha-g4-0014|ha-g4-0015|ha-g4-0016|ha-g4-0017|ha-g4-0018|ha-g4-0019
G4-L-2,4,LIVING_THINGS,observe the root and shoot system in plants and describe why they are important,0,0,0,0,not sampled by a non-held draft,
G4-L-3,4,LIVING_THINGS,"use a drawing or diagram to classify some Philippine animals and plants, based on their habitat: some live on land (terrestrial), live in water (aquatic) or fly in the air (aerial)",0,0,0,0,not sampled by a non-held draft,
G4-L-4,4,LIVING_THINGS,"make a list or draw up a table with examples of animals and plants in a particular habitat, such as a garden, rice field, seashore, and mangrove swamp",0,0,0,0,not sampled by a non-held draft,
G4-L-5,4,LIVING_THINGS,"use flow charts to compare the different stages in the life cycle of animals, such as a butterfly, frog, chicken, and human",1,1,0,1,narrow supporting recall sampled; not full mastery,ha-g4-0020
G4-L-6,4,LIVING_THINGS,"use information from secondary sources to group animals according to the food they eat: plant eaters (herbivores), meat eaters (carnivores), and plant and meat-eaters (omnivores)",7,7,0,3,narrow supporting recall sampled; not full mastery,ha-g4-0001|ha-g4-0002|ha-g4-0003|ha-g4-0004|ha-g4-0005|ha-g4-0006|ha-g4-0007
G4-L-7,4,LIVING_THINGS,"draw a simple food chain using living things from the Philippines and label them as herbivores, carnivores, and omnivores",4,4,0,4,narrow supporting recall sampled; not full mastery,ha-g4-0008|ha-g4-0009|ha-g4-0010|ha-g4-0011
G4-M-1,4,MATTER,use information from secondary sources to identify a famous Filipino and/or foreign scientist and their invention/s,2,1,1,1,narrow supporting recall sampled; not full mastery,ha-g4-0076|ha-g4-0077
G4-M-2,4,MATTER,use information from the home or the local community to identify a science invention and explain its impact on their everyday life,1,1,0,1,narrow supporting recall sampled; not full mastery,ha-g4-0075
G4-M-3,4,MATTER,"describe the chemical properties of materials, such as they can be burnt, react with other materials, or are degradable or biodegradable",7,7,0,6,narrow supporting recall sampled; not full mastery,ha-g4-0061|ha-g4-0062|ha-g4-0063|ha-g4-0064|ha-g4-0065|ha-g4-0066|ha-g4-0072
G4-M-4,4,MATTER,"describe changes in properties of materials when exposed to certain changes in temperature, such as changes when wood or coal are burned",4,4,0,4,narrow supporting recall sampled; not full mastery,ha-g4-0067|ha-g4-0068|ha-g4-0071|ha-g4-0073
G4-M-5,4,MATTER,"demonstrate ways to minimize harmful changes in materials, such as restriction of burning of waste materials, and care in handling reactive materials",2,2,0,2,narrow supporting recall sampled; not full mastery,ha-g4-0069|ha-g4-0074
G4-M-6,4,MATTER,"identify issues and concerns in the local community and how they could be addressed by science, such as the treatment of waste",2,2,0,2,narrow supporting recall sampled; not full mastery,ha-g4-0070|ha-g4-0079
G4-M-7,4,MATTER,"apply science process skills and attitudes in conducting a guided survey about environmental issues and concerns including grouping and classifying, communicating, and open mindedness",2,2,0,2,narrow supporting recall sampled; not full mastery,ha-g4-0078|ha-g4-0080
G5-E-1,5,EARTH_SPACE,"identify local examples of natural landforms and bodies of water such as mountains, valleys, rivers, and coastlines, and describe how they influence non-living and living components of the environment",2,2,0,2,narrow supporting recall sampled; not full mastery,ha-g5-0061|ha-g5-0062
G5-E-10,5,EARTH_SPACE,"describe typical weather conditions before, during, and after a tropical cyclone",1,1,0,1,narrow supporting recall sampled; not full mastery,ha-g5-0075
G5-E-11,5,EARTH_SPACE,"describe the general structure of the solar system, identifying the names of the major celestial objects, their main features, and general composition",2,2,0,2,narrow supporting recall sampled; not full mastery,ha-g5-0078|ha-g5-0079
G5-E-12,5,EARTH_SPACE,make drawings or a simple model to show the motion of the Earth and Moon relative to the Sun to explain the phases of the moon that people see from Earth,1,1,0,1,narrow supporting recall sampled; not full mastery,ha-g5-0080
G5-E-2,5,EARTH_SPACE,"explore the school grounds or the local area to observe or collect different types of rocks, describing their similarities and differences in terms of features, such as texture, color, and grain crystal size",1,1,0,1,narrow supporting recall sampled; not full mastery,ha-g5-0063
G5-E-3,5,EARTH_SPACE,"classify common rocks from provided samples using a simple rock classification system, such as a dichotomous key",3,3,0,3,narrow supporting recall sampled; not full mastery,ha-g5-0064|ha-g5-0065|ha-g5-0066
G5-E-4,5,EARTH_SPACE,explain how soil is formed from rocks and minerals,2,2,0,2,narrow supporting recall sampled; not full mastery,ha-g5-0067|ha-g5-0069
G5-E-5,5,EARTH_SPACE,demonstrate how erosion transports Earth materials,1,1,0,1,narrow supporting recall sampled; not full mastery,ha-g5-0068
G5-E-6,5,EARTH_SPACE,explain the role of the water cycle in the environment,3,3,0,3,narrow supporting recall sampled; not full mastery,ha-g5-0070|ha-g5-0071|ha-g5-0072
G5-E-7,5,EARTH_SPACE,construct a model to communicate some of the key processes in the water cycle,0,0,0,0,not sampled by a non-held draft,
G5-E-8,5,EARTH_SPACE,describe some effects of weather disturbances that occur in or near the Philippines,2,2,0,2,narrow supporting recall sampled; not full mastery,ha-g5-0073|ha-g5-0074
G5-E-9,5,EARTH_SPACE,"describe the weather conditions according to a Public Storm Warning Signal issued by the Philippine Atmospheric, Geological and Astronomical Services Administration (PAGASA)",2,1,1,1,narrow supporting recall sampled; not full mastery,ha-g5-0076|ha-g5-0077
G5-F-1,5,FORCE_MOTION_ENERGY,carry out simple investigations to demonstrate that contact forces cause objects to move in the same direction as the direction that the force is applied,1,1,0,1,narrow supporting recall sampled; not full mastery,ha-g5-0041
G5-F-10,5,FORCE_MOTION_ENERGY,make a simple electromagnet and observe and record its properties,2,2,0,1,narrow supporting recall sampled; not full mastery,ha-g5-0059|ha-g5-0060
G5-F-2,5,FORCE_MOTION_ENERGY,plan and carry out a scientific investigation to determine the effect of different surfaces on the size of frictional forces,2,2,0,1,narrow supporting recall sampled; not full mastery,ha-g5-0042|ha-g5-0043
G5-F-3,5,FORCE_MOTION_ENERGY,demonstrate how friction can produce heat and investigate ways of reducing and increasing friction,2,2,0,2,narrow supporting recall sampled; not full mastery,ha-g5-0044|ha-g5-0045
G5-F-4,5,FORCE_MOTION_ENERGY,identify gravity as a non-contact force that affects the behaviors of materials and objects on Earth in predictable ways,1,1,0,1,narrow supporting recall sampled; not full mastery,ha-g5-0046
G5-F-5,5,FORCE_MOTION_ENERGY,predict and explain whether heavier objects will fall faster than lighter objects due to the force of gravity,1,1,0,1,narrow supporting recall sampled; not full mastery,ha-g5-0047
G5-F-6,5,FORCE_MOTION_ENERGY,observe and describe the effects of gravity to the motion of an object,1,1,0,1,narrow supporting recall sampled; not full mastery,ha-g5-0048
G5-F-7,5,FORCE_MOTION_ENERGY,"investigate the effects of static electricity using common materials, such as a comb, plastic and glass rods, and balloons",3,3,0,3,narrow supporting recall sampled; not full mastery,ha-g5-0049|ha-g5-0050|ha-g5-0051
G5-F-8,5,FORCE_MOTION_ENERGY,"assemble and draw a simple circuit using batteries, wires, switch, and bulb and/or toy motor or buzzer",5,5,0,3,narrow supporting recall sampled; not full mastery,ha-g5-0052|ha-g5-0053|ha-g5-0054|ha-g5-0055|ha-g5-0056
G5-F-9,5,FORCE_MOTION_ENERGY,design and construct a simple electrical circuit to identify what materials will conduct electricity and use it to identify materials from the environment that will and will not conduct electricity,2,2,0,2,narrow supporting recall sampled; not full mastery,ha-g5-0057|ha-g5-0058
G5-L-1,5,LIVING_THINGS,"identify from pictures and labeled diagrams the parts of the digestive system as mouth, gullet, stomach, small intestine, and large intestine, and describe how they work",2,2,0,2,narrow supporting recall sampled; not full mastery,ha-g5-0021|ha-g5-0022
G5-L-2,5,LIVING_THINGS,"identify from pictures and diagrams the parts of the respiratory system as the nose, windpipe, and lungs, and describe how they work",2,2,0,2,narrow supporting recall sampled; not full mastery,ha-g5-0023|ha-g5-0024
G5-L-3,5,LIVING_THINGS,"identify from pictures and labeled diagrams the parts of the female reproductive system as ovaries, uterus, and vagina and those of the male reproductive system as the prostate, testis, and penis and describe how they work",6,6,0,6,narrow supporting recall sampled; not full mastery,ha-g5-0025|ha-g5-0026|ha-g5-0027|ha-g5-0028|ha-g5-0029|ha-g5-0030
G5-L-4,5,LIVING_THINGS,"use a table to show how living things can be classified into groups based on similar characteristics (plants including flowering and non-flowering; animals including mammals, reptiles, insects, birds, fish, amphibians; microorganisms including fungi and bacteria)",4,4,0,4,narrow supporting recall sampled; not full mastery,ha-g5-0031|ha-g5-0032|ha-g5-0034|ha-g5-0035
G5-L-5,5,LIVING_THINGS,"identify which groups of animals reproduce by giving birth to live young, such as mammals, and which reproduce by laying eggs, such as birds and reptiles",1,1,0,1,narrow supporting recall sampled; not full mastery,ha-g5-0033
G5-L-6,5,LIVING_THINGS,"compare the life cycles of mammals from birth to adulthood, birds from egg to a mature organism, and plants from seed to a young plant, and then to a mature plant",1,1,0,1,narrow supporting recall sampled; not full mastery,ha-g5-0036
G5-L-7,5,LIVING_THINGS,"describe the purpose of specialized structures in plants, such as rhizomes, tubers, thorns, bulbs, and aerial roots",2,2,0,2,narrow supporting recall sampled; not full mastery,ha-g5-0037|ha-g5-0038
G5-L-8,5,LIVING_THINGS,"explain how some plants have adapted to unfavorable conditions in the environment, such as lack of rain or floods",1,1,0,1,narrow supporting recall sampled; not full mastery,ha-g5-0039
G5-L-9,5,LIVING_THINGS,"use information from secondary sources to describe examples of how some animals have changed to better suit their environment, such as mimicry or camouflage",1,1,0,1,narrow supporting recall sampled; not full mastery,ha-g5-0040
G5-M-1,5,MATTER,describe matter as anything that has mass and takes up space,2,2,0,1,narrow supporting recall sampled; not full mastery,ha-g5-0001|ha-g5-0002
G5-M-2,5,MATTER,"identify that matter has (exists in) three states called solids, liquids, and gases",1,1,0,1,narrow supporting recall sampled; not full mastery,ha-g5-0007
G5-M-3,5,MATTER,"describe the properties of solids, liquids, and gases in terms of shape and volume (solids: definite shape and volume; liquids: no definite shape, definite volume; gases: no definite shape or volume)",3,3,0,3,narrow supporting recall sampled; not full mastery,ha-g5-0003|ha-g5-0004|ha-g5-0005
G5-M-4,5,MATTER,"identify objects at home and in the classroom as solid, liquid or gas",2,2,0,2,narrow supporting recall sampled; not full mastery,ha-g5-0006|ha-g5-0008
G5-M-5,5,MATTER,"use measuring cylinders or beakers to measure volume using units, such as milliliters (mL), and liters (L)",3,3,0,3,narrow supporting recall sampled; not full mastery,ha-g5-0013|ha-g5-0014|ha-g5-0015
G5-M-6,5,MATTER,"describe how changes in temperature cause matter to change in state, such as solid to liquid to gas",3,3,0,2,narrow supporting recall sampled; not full mastery,ha-g5-0018|ha-g5-0019|ha-g5-0020
G5-M-7,5,MATTER,describe the steps of a simple science investigation (What is the problem? What materials do you need? What do you need to do? What have you found out/learned?),0,0,0,0,not sampled by a non-held draft,
G5-M-8,5,MATTER,"identify and appropriately use units in simple science activities, such as milligrams (mg), grams (g), kilograms (kg), and degrees centigrade (C)",5,5,0,5,narrow supporting recall sampled; not full mastery,ha-g5-0009|ha-g5-0010|ha-g5-0011|ha-g5-0012|ha-g5-0016
G5-M-9,5,MATTER,"plan simple scientific investigations in answering questions, such as 'Do gases (like air) or liquids (like water) have mass?', using appropriate simple science equipment, such as a balance, and a thermometer, with appropriate units",1,1,0,1,narrow supporting recall sampled; not full mastery,ha-g5-0017
G6-E-1,6,EARTH_SPACE,explain what volcanoes are and how they are formed,1,1,0,1,narrow supporting recall sampled; not full mastery,ha-g6-0061
G6-E-10,6,EARTH_SPACE,"gather information from local indigenous community members or from reliable secondary sources to investigate ways that indigenous people of the Philippines represented and communicated understandings of the predictability of solar and lunar eclipses, and patterns/interpretations in the night sky and their use for tracking time",1,1,0,1,narrow supporting recall sampled; not full mastery,ha-g6-0081
G6-E-2,6,EARTH_SPACE,use local information or other reliable sources to identify where the nearest active and inactive volcanoes are located and assess the risk of impacts from eruptions to their local community,1,1,0,1,narrow supporting recall sampled; not full mastery,ha-g6-0069
G6-E-3,6,EARTH_SPACE,discuss the patterns of volcanic eruptions in the Philippines over the last 100 years with family and community members to assess and describe how predictable patterns of eruptions are,0,0,0,0,not sampled by a non-held draft,
G6-E-4,6,EARTH_SPACE,identify and describe some of the materials formed during volcanic eruptions in the Philippines,4,4,0,4,narrow supporting recall sampled; not full mastery,ha-g6-0062|ha-g6-0063|ha-g6-0064|ha-g6-0065
G6-E-5,6,EARTH_SPACE,"Interpret PHIVOLCS Volcano Monitoring (Alert Levels) to demonstrate what to do before, during, and after a volcanic eruption",4,3,1,3,narrow supporting recall sampled; not full mastery,ha-g6-0066|ha-g6-0067|ha-g6-0068|ha-g6-0070
G6-E-6,6,EARTH_SPACE,describe the different seasons in the Philippines and suggest activities that are appropriate for each season,3,3,0,2,narrow supporting recall sampled; not full mastery,ha-g6-0071|ha-g6-0072|ha-g6-0073
G6-E-7,6,EARTH_SPACE,demonstrate the rotation of the Earth on its axis using a globe to explain day and night,2,2,0,2,narrow supporting recall sampled; not full mastery,ha-g6-0074|ha-g6-0075
G6-E-8,6,EARTH_SPACE,"make a Sun-Earth-Moon system model to demonstrate and explain the observable effects of predictable patterns and events including changes in seasons, changes observed in the patterns of visible star over a year, and solar and lunar eclipses",5,5,0,4,narrow supporting recall sampled; not full mastery,ha-g6-0076|ha-g6-0077|ha-g6-0078|ha-g6-0079|ha-g6-0082
G6-E-9,6,EARTH_SPACE,explain why ancient human cultures relied on constellations to indicate directions and verify seasons,1,1,0,1,narrow supporting recall sampled; not full mastery,ha-g6-0080
G6-F-1,6,FORCE_MOTION_ENERGY,"observe and describe examples and uses of simple machines found at home, at school, and in the community",6,6,0,6,narrow supporting recall sampled; not full mastery,ha-g6-0041|ha-g6-0042|ha-g6-0043|ha-g6-0048|ha-g6-0049|ha-g6-0050
G6-F-10,6,FORCE_MOTION_ENERGY,describe and explain how sound changes when the source or the receiver are moving,1,1,0,1,narrow supporting recall sampled; not full mastery,ha-g6-0060
G6-F-2,6,FORCE_MOTION_ENERGY,"demonstrate through guided investigation the advantages and limitations of simple machines, such as inclined planes, wedges, levers, and pulleys",3,3,0,3,narrow supporting recall sampled; not full mastery,ha-g6-0045|ha-g6-0046|ha-g6-0047
G6-F-3,6,FORCE_MOTION_ENERGY,carry out fair tests to show how levers can be used to change the magnitude and direction of a force,1,1,0,1,narrow supporting recall sampled; not full mastery,ha-g6-0044
G6-F-4,6,FORCE_MOTION_ENERGY,identify that waves carry energy from a source to a receiver,1,1,0,1,narrow supporting recall sampled; not full mastery,ha-g6-0051
G6-F-5,6,FORCE_MOTION_ENERGY,"carry out investigations with water waves in a ripple tank and observe and describe the features of the waves including shape (crests and troughs), size (width and height), and patterns of movement (how they bend, or reflect off walls)",2,2,0,1,narrow supporting recall sampled; not full mastery,ha-g6-0052|ha-g6-0053
G6-F-6,6,FORCE_MOTION_ENERGY,"research using secondary sources to identify how the properties of waves are described using scientific terms such as amplitude, frequency, wavelength, and velocity",4,4,0,4,narrow supporting recall sampled; not full mastery,ha-g6-0054|ha-g6-0055|ha-g6-0056|ha-g6-0059
G6-F-7,6,FORCE_MOTION_ENERGY,identify differences and similarities between longitudinal waves and transverse waves,2,2,0,2,narrow supporting recall sampled; not full mastery,ha-g6-0057|ha-g6-0058
G6-F-8,6,FORCE_MOTION_ENERGY,demonstrate using simple models how longitudinal waves and transverse waves carry energy,0,0,0,0,not sampled by a non-held draft,
G6-F-9,6,FORCE_MOTION_ENERGY,"identify some examples of longitudinal waves, and transverse waves",0,0,0,0,not sampled by a non-held draft,
G6-L-1,6,LIVING_THINGS,"identify from pictures and diagrams the parts of the circulatory system as heart, blood, and blood vessels, and describe how they work",5,5,0,5,narrow supporting recall sampled; not full mastery,ha-g6-0021|ha-g6-0022|ha-g6-0023|ha-g6-0024|ha-g6-0025
G6-L-2,6,LIVING_THINGS,"describe the different ways that plants reproduce, such as pollination, seed production, and plant propagation",2,2,0,2,narrow supporting recall sampled; not full mastery,ha-g6-0026|ha-g6-0027
G6-L-3,6,LIVING_THINGS,"plan a simple scientific investigation that includes the features of a fair test, replication, and accurate measurement to determine which type of plant propagation, such as cutting, budding, layering, grafting, works best for garden plants",1,1,0,1,narrow supporting recall sampled; not full mastery,ha-g6-0028
G6-L-4,6,LIVING_THINGS,describe the differences between animals with a backbone (vertebrates) and animals without backbones (invertebrates) by using common local examples of each group,2,2,0,1,narrow supporting recall sampled; not full mastery,ha-g6-0029|ha-g6-0030
G6-L-5,6,LIVING_THINGS,"describe the roles of producers, consumers, scavengers, and decomposers in a food web",4,4,0,4,narrow supporting recall sampled; not full mastery,ha-g6-0031|ha-g6-0032|ha-g6-0033|ha-g6-0034
G6-L-6,6,LIVING_THINGS,"use information from secondary sources to describe that living things interact with each other in the natural environment, such as through competition, or predation",2,2,0,2,narrow supporting recall sampled; not full mastery,ha-g6-0035|ha-g6-0036
G6-L-7,6,LIVING_THINGS,"describe living things, such as animals and plants, as biotic factors and light, water, temperature, and soil type, as abiotic factors in an ecosystem",2,2,0,1,narrow supporting recall sampled; not full mastery,ha-g6-0039|ha-g6-0040
G6-L-8,6,LIVING_THINGS,explain how interaction between living things and interactions between living and non-living things may bring good or harm to the living things involved,2,2,0,2,narrow supporting recall sampled; not full mastery,ha-g6-0037|ha-g6-0038
G6-M-1,6,MATTER,"describe changes of state for solids, liquids, and gases as melting, evaporation, freezing, condensation using diagrams and flowcharts",2,2,0,2,narrow supporting recall sampled; not full mastery,ha-g6-0001|ha-g6-0002
G6-M-2,6,MATTER,explain the role of heat energy in change of state processes,2,2,0,2,narrow supporting recall sampled; not full mastery,ha-g6-0003|ha-g6-0004
G6-M-3,6,MATTER,"explain why physical changes are reversible, and chemical changes are irreversible",2,2,0,2,narrow supporting recall sampled; not full mastery,ha-g6-0005|ha-g6-0006
G6-M-4,6,MATTER,"describe useful everyday examples of uniform and non-uniform mixtures, such as solutions and suspensions",3,3,0,3,narrow supporting recall sampled; not full mastery,ha-g6-0007|ha-g6-0008|ha-g6-0009
G6-M-5,6,MATTER,"describe air as a mixture of oxygen, carbon dioxide, nitrogen, and water vapor",2,2,0,2,narrow supporting recall sampled; not full mastery,ha-g6-0010|ha-g6-0011
G6-M-6,6,MATTER,"demonstrate various techniques in separating mixtures, such as decantation, winnowing, scooping, picking, evaporation, filtering, sieving, and using magnets",5,5,0,5,narrow supporting recall sampled; not full mastery,ha-g6-0012|ha-g6-0013|ha-g6-0014|ha-g6-0015|ha-g6-0016
G6-M-7,6,MATTER,explain the benefits of each mixture separation technique in preparing useful products,1,1,0,1,narrow supporting recall sampled; not full mastery,ha-g6-0017
G6-M-8,6,MATTER,"apply the features of a fair test: a. change one factor, b. measure one factor, and c. keep all other factors the same",2,2,0,2,narrow supporting recall sampled; not full mastery,ha-g6-0018|ha-g6-0019
G6-M-9,6,MATTER,"recognize the features of a fair test and that scientific investigations also involve doing at least three trials, or use replication, and observing, measuring, and recording accurately",1,1,0,1,narrow supporting recall sampled; not full mastery,ha-g6-0020
G7-E-1,7,EARTH_SPACE,classify geological faults according to the angle of the fault plane and direction of slip,3,3,0,2,narrow supporting recall sampled; not full mastery,ha-g7-0062|ha-g7-0063|ha-g7-0064
G7-E-10,7,EARTH_SPACE,make a physical model or use drawings to demonstrate how the tilt of the Earth relative to its orbit around the Sun affects the intensity of sunlight absorbed by different areas of Earth over a year,2,2,0,2,narrow supporting recall sampled; not full mastery,ha-g7-0076|ha-g7-0077
G7-E-11,7,EARTH_SPACE,"explain, using models, how the tilt of the Earth affects the changes in the length of daytime at different times of the year",1,1,0,1,narrow supporting recall sampled; not full mastery,ha-g7-0078
G7-E-12,7,EARTH_SPACE,"explain how solar energy contributes to the occurrence of land and sea breezes, monsoons, and the Intertropical Convergence Zone (ITCZ)",4,4,0,3,narrow supporting recall sampled; not full mastery,ha-g7-0073|ha-g7-0074|ha-g7-0079|ha-g7-0080
G7-E-2,7,EARTH_SPACE,use models or illustrations to explain how movements along faults generate earthquakes and identify and explain which types of faults are most likely to occur in the Philippines and explain why,1,1,0,1,narrow supporting recall sampled; not full mastery,ha-g7-0061
G7-E-3,7,EARTH_SPACE,describe how the effects of earthquakes on communities depend on their magnitude,1,1,0,1,narrow supporting recall sampled; not full mastery,ha-g7-0067
G7-E-4,7,EARTH_SPACE,use the PHIVOLCS FaultFinder or other reliable information source to identify where the nearest fault system is located from their community and assess the risk of earthquakes to their local community,0,0,0,0,not sampled by a non-held draft,
G7-E-5,7,EARTH_SPACE,"make models of fault scenarios to illustrate: a. the epicenter of an earthquake from its focus, b. the intensity of an earthquake from its magnitude, and c. how underwater earthquakes may or may not generate tsunamis",3,3,0,2,narrow supporting recall sampled; not full mastery,ha-g7-0065|ha-g7-0066|ha-g7-0068
G7-E-6,7,EARTH_SPACE,refer to the local disaster readiness plans to demonstrate what to do during and after an earthquake,1,1,0,1,narrow supporting recall sampled; not full mastery,ha-g7-0072
G7-E-7,7,EARTH_SPACE,explain how earthquakes result in tsunamis that devastate shoreline communities,1,1,0,1,narrow supporting recall sampled; not full mastery,ha-g7-0069
G7-E-8,7,EARTH_SPACE,describe procedures that the authorities have in place to alert communities of pending tsunamis and what procedures can be implemented should a tsunami impact a community,2,2,0,2,narrow supporting recall sampled; not full mastery,ha-g7-0070|ha-g7-0071
G7-E-9,7,EARTH_SPACE,explain how energy from the Sun interacts with the atmosphere,1,1,0,1,narrow supporting recall sampled; not full mastery,ha-g7-0075
G7-F-1,7,FORCE_MOTION_ENERGY,identify that forces act between objects and can be measured,2,2,0,2,narrow supporting recall sampled; not full mastery,ha-g7-0041|ha-g7-0042
G7-F-10,7,FORCE_MOTION_ENERGY,explain in terms of the particle model the processes underlying convection and conduction of heat energy,1,1,0,1,narrow supporting recall sampled; not full mastery,ha-g7-0057
G7-F-11,7,FORCE_MOTION_ENERGY,gather information from secondary sources to identify and describe examples of innovative devices that can be used to transform heat energy into electrical energy,1,1,0,1,narrow supporting recall sampled; not full mastery,ha-g7-0060
G7-F-2,7,FORCE_MOTION_ENERGY,"identify and describe everyday situations that demonstrate: a. balanced forces such as a box resting on an inclined plane, a man standing still, or an object moving with constant velocity; b. unbalanced forces, such as freely falling fruit or an accelerating car",2,2,0,1,narrow supporting recall sampled; not full mastery,ha-g7-0043|ha-g7-0044
G7-F-3,7,FORCE_MOTION_ENERGY,draw a free-body diagram to represent the relative magnitude and direction of the forces involving balanced and unbalanced forces,2,2,0,1,narrow supporting recall sampled; not full mastery,ha-g7-0046|ha-g7-0047
G7-F-4,7,FORCE_MOTION_ENERGY,"identify that when forces are not balanced, they can cause changes in the object's speed or direction of motion",1,1,0,1,narrow supporting recall sampled; not full mastery,ha-g7-0045
G7-F-5,7,FORCE_MOTION_ENERGY,explain the difference between distance and displacement in everyday situations in relation to a reference point,3,3,0,1,narrow supporting recall sampled; not full mastery,ha-g7-0048|ha-g7-0049|ha-g7-0050
G7-F-6,7,FORCE_MOTION_ENERGY,distinguish between speed and velocity using the concept of vectors,1,1,0,1,narrow supporting recall sampled; not full mastery,ha-g7-0052
G7-F-7,7,FORCE_MOTION_ENERGY,describe uniform velocity and represent it using distance-time graphs,3,3,0,2,narrow supporting recall sampled; not full mastery,ha-g7-0051|ha-g7-0053|ha-g7-0054
G7-F-8,7,FORCE_MOTION_ENERGY,explain the difference between heat and temperature,1,1,0,1,narrow supporting recall sampled; not full mastery,ha-g7-0055
G7-F-9,7,FORCE_MOTION_ENERGY,"identify advantageous and disadvantageous examples of conduction, convection, and radiation",3,3,0,3,narrow supporting recall sampled; not full mastery,ha-g7-0056|ha-g7-0058|ha-g7-0059
G7-L-1,7,LIVING_THINGS,"identify the parts and functions, and demonstrate proper handling and storing of a compound microscope",2,2,0,2,narrow supporting recall sampled; not full mastery,ha-g7-0021|ha-g7-0022
G7-L-10,7,LIVING_THINGS,use examples of food pyramids to describe the transfer of energy between organisms from one trophic level to another,1,1,0,1,narrow supporting recall sampled; not full mastery,ha-g7-0040
G7-L-2,7,LIVING_THINGS,"use proper techniques in observing and identifying the parts of a cell with a microscope such as the cell membrane, nucleus, cytoplasm, mitochondria, and chloroplasts",4,4,0,4,narrow supporting recall sampled; not full mastery,ha-g7-0023|ha-g7-0024|ha-g7-0025|ha-g7-0026
G7-L-3,7,LIVING_THINGS,recognize that some organisms consist of a single cell (unicellular) like in bacteria and some consist of many cells (multicellular) like in a human,1,1,0,1,narrow supporting recall sampled; not full mastery,ha-g7-0028
G7-L-4,7,LIVING_THINGS,differentiate plant and animal cells based on their organelles,1,1,0,1,narrow supporting recall sampled; not full mastery,ha-g7-0027
G7-L-5,7,LIVING_THINGS,"recognize that cells reproduce through two types of cell division, mitosis and meiosis, and describe mitosis as cell division for growth and repair",2,2,0,2,narrow supporting recall sampled; not full mastery,ha-g7-0029|ha-g7-0030
G7-L-6,7,LIVING_THINGS,explain that genetic information is passed on to offspring from both parents by the process of meiosis and fertilization,1,1,0,1,narrow supporting recall sampled; not full mastery,ha-g7-0031
G7-L-7,7,LIVING_THINGS,"differentiate sexual from asexual reproduction in terms of: a) number of parents involved, and b) similarities of offspring to parents",2,2,0,2,narrow supporting recall sampled; not full mastery,ha-g7-0032|ha-g7-0033
G7-L-8,7,LIVING_THINGS,use a labelled diagram to describe the connections between the levels of biological organization to one another from cells to the biosphere,5,5,0,5,narrow supporting recall sampled; not full mastery,ha-g7-0034|ha-g7-0035|ha-g7-0036|ha-g7-0037|ha-g7-0038
G7-L-9,7,LIVING_THINGS,describe the trophic levels of an organism as levels of energy in a food pyramid,1,1,0,1,narrow supporting recall sampled; not full mastery,ha-g7-0039
G7-M-1,7,MATTER,recognize that scientists use models to explain phenomena that cannot be easily seen or detected,1,1,0,1,narrow supporting recall sampled; not full mastery,ha-g7-0001
G7-M-10,7,MATTER,"demonstrate how different factors affect the solubility of a solute in a given solvent, such as heat",3,3,0,3,narrow supporting recall sampled; not full mastery,ha-g7-0012|ha-g7-0013|ha-g7-0014
G7-M-11,7,MATTER,"identify solutions, which can be found at home and in school and that react with litmus indicator, as acids, bases, and salts",2,2,0,1,narrow supporting recall sampled; not full mastery,ha-g7-0015|ha-g7-0016
G7-M-12,7,MATTER,demonstrate proper use and handling of science equipment,0,0,0,0,not sampled by a non-held draft,
G7-M-2,7,MATTER,describe the Particle Model of Matter as 'All matter is made up of tiny particles with each pure substance having its own kind of particles.',1,1,0,1,narrow supporting recall sampled; not full mastery,ha-g7-0002
G7-M-3,7,MATTER,"describe that particles are constantly in motion, have spaces between them, attract each other, and move faster as the temperature increases (or with the addition of heat)",1,1,0,1,narrow supporting recall sampled; not full mastery,ha-g7-0006
G7-M-4,7,MATTER,"use diagrams and illustrations to describe the arrangement, spacing, and relative motion of the particles in each of the three states (phases) of matter",3,3,0,3,narrow supporting recall sampled; not full mastery,ha-g7-0003|ha-g7-0004|ha-g7-0005
G7-M-5,7,MATTER,"explain the changes of state in terms of particle arrangement and energy changes: a. solid → liquid → vapor, and b. vapor → liquid → solid",1,1,0,1,narrow supporting recall sampled; not full mastery,ha-g7-0007
G7-M-6,7,MATTER,"follow appropriate steps of a scientific investigation which includes: a. Aim or problem, b. Materials and equipment, c. Method or procedures, d. Results including data, and e. Conclusion",2,2,0,2,narrow supporting recall sampled; not full mastery,ha-g7-0018|ha-g7-0020
G7-M-7,7,MATTER,make accurate measurements using standard units for physical quantities and organize the collected data when carrying out a scientific investigation,2,2,0,2,narrow supporting recall sampled; not full mastery,ha-g7-0017|ha-g7-0019
G7-M-8,7,MATTER,identify the role of the solute and solvent in a solution,2,2,0,1,narrow supporting recall sampled; not full mastery,ha-g7-0008|ha-g7-0009
G7-M-9,7,MATTER,express quantitatively the amount of solute present in a given volume of solvent,2,2,0,2,narrow supporting recall sampled; not full mastery,ha-g7-0010|ha-g7-0011
G8-E-1,8,EARTH_SPACE,identify what proportion of the Earth's surface is covered with water as opposed to land,1,1,0,1,narrow supporting recall sampled; not full mastery,ha-g8-0061
G8-E-10,8,EARTH_SPACE,gather information from the Department of Science and Technology (DOST) and other reliable websites to identify how authorities support communities affected by typhoons,2,2,0,2,narrow supporting recall sampled; not full mastery,ha-g8-0073|ha-g8-0075
G8-E-11,8,EARTH_SPACE,"relate the relative movements of the Earth, Moon, and Sun with the occurrence of tides",3,3,0,2,narrow supporting recall sampled; not full mastery,ha-g8-0077|ha-g8-0078|ha-g8-0079
G8-E-12,8,EARTH_SPACE,draw on information from secondary sources to identify situations where tidal difference could be exploited to generate renewable energy,1,1,0,1,narrow supporting recall sampled; not full mastery,ha-g8-0080
G8-E-2,8,EARTH_SPACE,gather information from secondary sources to name and describe the upper crustal layers of the solid earth,1,1,0,1,narrow supporting recall sampled; not full mastery,ha-g8-0063
G8-E-3,8,EARTH_SPACE,describe the different types of volcanoes found around the world according to their: a. activity b. type of eruption c. location in the crust,2,2,0,2,narrow supporting recall sampled; not full mastery,ha-g8-0065|ha-g8-0067
G8-E-4,8,EARTH_SPACE,relate the shape of a volcano's cone to its composition,2,2,0,2,narrow supporting recall sampled; not full mastery,ha-g8-0066|ha-g8-0068
G8-E-5,8,EARTH_SPACE,"relate the location and distribution of active volcanoes, earthquake epicenters, and major mountain belts to the distribution of oceanic crust and continental crust",2,2,0,2,narrow supporting recall sampled; not full mastery,ha-g8-0069|ha-g8-0070
G8-E-6,8,EARTH_SPACE,identify how oceanic crust and continental crust is associated with the Earth's lithospheric plates,2,2,0,2,narrow supporting recall sampled; not full mastery,ha-g8-0062|ha-g8-0064
G8-E-7,8,EARTH_SPACE,"gather information from secondary sources to explain: a. how typhoons develop, and b. why the Philippines is prone to typhoons",2,2,0,2,narrow supporting recall sampled; not full mastery,ha-g8-0071|ha-g8-0072
G8-E-8,8,EARTH_SPACE,use a map and a record of tracking data to trace the path of typhoons that enter the Philippine Area of Responsibility (PAR),1,1,0,1,narrow supporting recall sampled; not full mastery,ha-g8-0074
G8-E-9,8,EARTH_SPACE,discuss how bodies of water and landforms affect typhoons,1,1,0,1,narrow supporting recall sampled; not full mastery,ha-g8-0076
G8-F-1,8,FORCE_MOTION_ENERGY,"identify that forces cause objects to accelerate, and that acceleration of an object is its rate of change of velocity",1,1,0,1,narrow supporting recall sampled; not full mastery,ha-g8-0041
G8-F-10,8,FORCE_MOTION_ENERGY,"gather information from secondary sources to explain how potential energy stored in lakes and dams in the Philippines is used to produce kinetic energy to generate electricity for use in homes, communities, and industry",1,1,0,1,narrow supporting recall sampled; not full mastery,ha-g8-0056
G8-F-11,8,FORCE_MOTION_ENERGY,"carry out guided investigations to describe and illustrate the reflection of light using plane and curved mirrors and the refraction of light using transparent blocks, lenses, and prisms with examples from everyday applications",4,4,0,4,narrow supporting recall sampled; not full mastery,ha-g8-0057|ha-g8-0058|ha-g8-0059|ha-g8-0060
G8-F-2,8,FORCE_MOTION_ENERGY,"observe and describe examples of accelerating objects at school and in the local community, including objects that show uniform circular motion",2,2,0,2,narrow supporting recall sampled; not full mastery,ha-g8-0042|ha-g8-0043
G8-F-3,8,FORCE_MOTION_ENERGY,construct and annotate distance-time graphs and velocity-time graphs to represent uniform and non-uniform acceleration,2,2,0,2,narrow supporting recall sampled; not full mastery,ha-g8-0044|ha-g8-0045
G8-F-4,8,FORCE_MOTION_ENERGY,"describe kinetic energy as the movement of objects or particles, and potential energy as energy stored due to the position of objects or particles",3,3,0,3,narrow supporting recall sampled; not full mastery,ha-g8-0046|ha-g8-0047|ha-g8-0048
G8-F-5,8,FORCE_MOTION_ENERGY,"identify examples of everyday situations that demonstrate: a. kinetic energy being transformed to potential energy, and b. potential energy being transformed to kinetic energy",1,1,0,1,narrow supporting recall sampled; not full mastery,ha-g8-0049
G8-F-6,8,FORCE_MOTION_ENERGY,recognize that work is done when a force causes the displacement of an object,2,2,0,2,narrow supporting recall sampled; not full mastery,ha-g8-0050|ha-g8-0051
G8-F-7,8,FORCE_MOTION_ENERGY,recognize that power is the rate of doing work,2,2,0,2,narrow supporting recall sampled; not full mastery,ha-g8-0052|ha-g8-0053
G8-F-8,8,FORCE_MOTION_ENERGY,explain that the mechanical energy of an object is the sum of the kinetic energy and the potential energy available to do work,1,1,0,1,narrow supporting recall sampled; not full mastery,ha-g8-0054
G8-F-9,8,FORCE_MOTION_ENERGY,"describe conservation of energy in everyday situations involving gravity, such as when objects fall",1,1,0,1,narrow supporting recall sampled; not full mastery,ha-g8-0055
G8-L-1,8,LIVING_THINGS,"using a labeled diagram, trace how food travels through the digestive tract and explain how different digestive processes work, including mechanical processing, secretion, digestion, absorption, and elimination",3,3,0,3,narrow supporting recall sampled; not full mastery,ha-g8-0021|ha-g8-0022|ha-g8-0023
G8-L-10,8,LIVING_THINGS,using information from secondary sources identify the different parts of the cell where photosynthesis and respiration occur,0,0,0,0,not sampled by a non-held draft,
G8-L-11,8,LIVING_THINGS,plan a scientific investigation to verify the raw materials needed for photosynthesis,0,0,0,0,not sampled by a non-held draft,
G8-L-2,8,LIVING_THINGS,"use models, flow charts, diagrams, and simulations to explain how body systems work together, such as digestion and excretion",1,1,0,1,narrow supporting recall sampled; not full mastery,ha-g8-0024
G8-L-3,8,LIVING_THINGS,"describe how plant organs (leaf, stem, roots) work together as the transport system",3,3,0,2,narrow supporting recall sampled; not full mastery,ha-g8-0025|ha-g8-0026|ha-g8-0027
G8-L-4,8,LIVING_THINGS,represent patterns of inheritance of a simple dominant/ recessive characteristic through generations of a family,4,4,0,3,narrow supporting recall sampled; not full mastery,ha-g8-0029|ha-g8-0032|ha-g8-0033|ha-g8-0034
G8-L-5,8,LIVING_THINGS,predict simple ratios of offspring genotypes and phenotypes in crosses involving dominant/recessive gene pairs,2,2,0,1,narrow supporting recall sampled; not full mastery,ha-g8-0030|ha-g8-0031
G8-L-6,8,LIVING_THINGS,describe the importance of the six-kingdom system and the three-domain system of classification of living things,1,1,0,1,narrow supporting recall sampled; not full mastery,ha-g8-0035
G8-L-7,8,LIVING_THINGS,explain why humans are classified under Class Mammalia and the Order Primates,2,2,0,2,narrow supporting recall sampled; not full mastery,ha-g8-0036|ha-g8-0037
G8-L-8,8,LIVING_THINGS,"using flow charts and labeled diagrams explain the role of plants and animals in the cycles of nature, such as the carbon, oxygen, and water cycles",2,2,0,2,narrow supporting recall sampled; not full mastery,ha-g8-0028|ha-g8-0039
G8-L-9,8,LIVING_THINGS,"describe the process of photosynthesis and respiration, and identify its raw materials needed and products",2,2,0,2,narrow supporting recall sampled; not full mastery,ha-g8-0038|ha-g8-0040
G8-M-1,8,MATTER,develop a timeline for the historical background of the development of the current Atomic Model that identifies tiny particles as atoms,3,3,0,3,narrow supporting recall sampled; not full mastery,ha-g8-0001|ha-g8-0002|ha-g8-0003
G8-M-10,8,MATTER,explain that the elements within a group in the periodic table have the same number of valence electrons,0,0,0,0,not sampled by a non-held draft,
G8-M-2,8,MATTER,draw the structure of an atom in terms of the nucleus and electron shells,2,2,0,2,narrow supporting recall sampled; not full mastery,ha-g8-0004|ha-g8-0008
G8-M-3,8,MATTER,"differentiate the subatomic particles protons, neutrons, and electrons in terms of their symbol, mass, charge, and location within an atom",3,3,0,1,narrow supporting recall sampled; not full mastery,ha-g8-0005|ha-g8-0006|ha-g8-0007
G8-M-4,8,MATTER,"describe the properties of pure substances as: a. having fixed chemical composition, examples of which are elements and compounds, and b. that all the atoms of an element have a unique number of protons",3,3,0,3,narrow supporting recall sampled; not full mastery,ha-g8-0010|ha-g8-0013|ha-g8-0014
G8-M-5,8,MATTER,discuss the significant contributions of early scientists in the development of the periodic table,0,0,0,0,not sampled by a non-held draft,
G8-M-6,8,MATTER,identify the names and symbols of the first 20 or several common elements of the periodic table,1,1,0,1,narrow supporting recall sampled; not full mastery,ha-g8-0020
G8-M-7,8,MATTER,"explain that the arrangement of elements in the periodic table as 7 periods and 18 groups is based on their atomic structure and chemical properties, such as reactivity",3,3,0,2,narrow supporting recall sampled; not full mastery,ha-g8-0015|ha-g8-0016|ha-g8-0017
G8-M-8,8,MATTER,explain that the electron structure of an atom determines its position on the periodic table,2,2,0,2,narrow supporting recall sampled; not full mastery,ha-g8-0018|ha-g8-0019
G8-M-9,8,MATTER,"calculate the number of protons, neutrons, and electrons in the atom of several elements, such as aluminum",3,3,0,3,narrow supporting recall sampled; not full mastery,ha-g8-0009|ha-g8-0011|ha-g8-0012
G9-E-1,9,EARTH_SPACE,identify and explain evidence that current continents are separate parts of what was a single continent millions of years ago,2,2,0,2,narrow supporting recall sampled; not full mastery,ha-g9-0061|ha-g9-0062
G9-E-10,9,EARTH_SPACE,gather information from secondary sources to discuss the regular occurrence of meteor showers,1,1,0,1,narrow supporting recall sampled; not full mastery,ha-g9-0078
G9-E-11,9,EARTH_SPACE,explain how modern research about celestial objects uses new space technologies including telescopes and space probes,2,2,0,2,narrow supporting recall sampled; not full mastery,ha-g9-0079|ha-g9-0080
G9-E-2,9,EARTH_SPACE,participate in a collaborative group or class task to examine and describe the topographical and geological evidence for plate boundaries occurring in the area where the Philippines is located,1,1,0,1,narrow supporting recall sampled; not full mastery,ha-g9-0066
G9-E-3,9,EARTH_SPACE,describe the types of plate boundaries found around the Earth,3,3,0,1,narrow supporting recall sampled; not full mastery,ha-g9-0063|ha-g9-0064|ha-g9-0065
G9-E-4,9,EARTH_SPACE,describe how fossils can be used for dating the age of rocks and sediments,1,1,0,1,narrow supporting recall sampled; not full mastery,ha-g9-0067
G9-E-5,9,EARTH_SPACE,describe how relative and absolute dating techniques are used to determine the subdivisions of geologic time,2,2,0,2,narrow supporting recall sampled; not full mastery,ha-g9-0068|ha-g9-0069
G9-E-6,9,EARTH_SPACE,explain how the geologic time scale helps to recount the history of the Earth,1,1,0,1,narrow supporting recall sampled; not full mastery,ha-g9-0070
G9-E-7,9,EARTH_SPACE,describe how seismic wave data has been used to develop a model for the internal structure and composition of the Earth,1,1,0,1,narrow supporting recall sampled; not full mastery,ha-g9-0071
G9-E-8,9,EARTH_SPACE,"create a scale drawing to represent relative thicknesses of the layers of Earth's interior, including the crust, lithosphere, asthenosphere, mantle, outer core, and inner core",2,2,0,2,narrow supporting recall sampled; not full mastery,ha-g9-0072|ha-g9-0073
G9-E-9,9,EARTH_SPACE,"distinguish among comets, meteoroids, asteroids, and dwarf planets, and describe how they help us to understand the nature and formation of the Earth and the Solar System",4,4,0,4,narrow supporting recall sampled; not full mastery,ha-g9-0074|ha-g9-0075|ha-g9-0076|ha-g9-0077
G9-F-1,9,FORCE_MOTION_ENERGY,identify inertia as the tendency for an object to stay at rest or in motion unless acted on by an unbalanced net force,2,2,0,2,narrow supporting recall sampled; not full mastery,ha-g9-0041|ha-g9-0042
G9-F-10,9,FORCE_MOTION_ENERGY,describe electromagnetic radiation (EMR) as energy that is created by the vibrations of electrically charged particles which allows it to travel through materials or space as transverse waves,1,1,0,1,narrow supporting recall sampled; not full mastery,ha-g9-0057
G9-F-11,9,FORCE_MOTION_ENERGY,"compare the relative wavelengths and frequencies of different types of electromagnetic waves, including radio waves, microwaves, infrared, visible light, ultra-violet, x-rays, and gamma radiation",1,1,0,1,narrow supporting recall sampled; not full mastery,ha-g9-0058
G9-F-12,9,FORCE_MOTION_ENERGY,"identify practical applications of electromagnetic radiation, such as radio waves used in telecommunications, and x-rays and gamma rays in medicine",2,2,0,2,narrow supporting recall sampled; not full mastery,ha-g9-0059|ha-g9-0060
G9-F-13,9,FORCE_MOTION_ENERGY,gather information from secondary sources to explain the harmful effects that EMR can have on living things,0,0,0,0,not sampled by a non-held draft,
G9-F-2,9,FORCE_MOTION_ENERGY,demonstrate in practical situations and describe that acceleration is a change in speed and/or direction as the result of a net force,0,0,0,0,not sampled by a non-held draft,
G9-F-3,9,FORCE_MOTION_ENERGY,"investigate the relationship among force, acceleration, and mass",2,2,0,1,narrow supporting recall sampled; not full mastery,ha-g9-0043|ha-g9-0044
G9-F-4,9,FORCE_MOTION_ENERGY,"explain that when any two objects interact, there are equal but opposite forces exerted between them, which is evident in many practical situations and applications",1,1,0,1,narrow supporting recall sampled; not full mastery,ha-g9-0045
G9-F-5,9,FORCE_MOTION_ENERGY,"observe and identify action-reaction pairs in everyday situations such as stepping off a boat, or a book on a table, and draw force diagrams to explain how the pairs affect the motion of objects",1,1,0,1,narrow supporting recall sampled; not full mastery,ha-g9-0046
G9-F-6,9,FORCE_MOTION_ENERGY,identify that electricity is a flow of electrons and show appreciation for the need to observe safe measures in handling electricity,1,1,0,1,narrow supporting recall sampled; not full mastery,ha-g9-0048
G9-F-7,9,FORCE_MOTION_ENERGY,"participate in guided investigations to infer the relationship among current, voltage, and resistance in assembled series and parallel circuits with varying number of loads and battery",5,5,0,4,narrow supporting recall sampled; not full mastery,ha-g9-0049|ha-g9-0050|ha-g9-0051|ha-g9-0052|ha-g9-0053
G9-F-8,9,FORCE_MOTION_ENERGY,"draw diagrams of and assemble series and parallel circuits, showing switch, battery, loads/resistors, ammeter, and voltmeter",3,3,0,2,narrow supporting recall sampled; not full mastery,ha-g9-0047|ha-g9-0055|ha-g9-0056
G9-F-9,9,FORCE_MOTION_ENERGY,collaborate in a class discussion to recognize the advantages and limitations of using series or parallel circuits,1,1,0,1,narrow supporting recall sampled; not full mastery,ha-g9-0054
G9-L-1,9,LIVING_THINGS,use models and labeled diagrams to represent the double helix structure of DNA (deoxyribonucleic acid),4,4,0,3,narrow supporting recall sampled; not full mastery,ha-g9-0021|ha-g9-0022|ha-g9-0023|ha-g9-0024
G9-L-10,9,LIVING_THINGS,"use information from secondary sources to describe the possible effects of human activities, such as deforestation, pollution, and introduction of invasive species, on living things in an ecosystem",2,2,0,2,narrow supporting recall sampled; not full mastery,ha-g9-0035|ha-g9-0036
G9-L-11,9,LIVING_THINGS,plan to conduct a survey to explore the possibilities for minimizing the negative impacts of human activities on an ecosystem,0,0,0,0,not sampled by a non-held draft,
G9-L-2,9,LIVING_THINGS,"explain the role of DNA, genes, and chromosomes in the transmission of traits",2,2,0,2,narrow supporting recall sampled; not full mastery,ha-g9-0025|ha-g9-0026
G9-L-3,9,LIVING_THINGS,"describe mutations as changes in DNA or chromosomes and discuss some of the factors that cause mutations, such as infectious agents, radiation, and chemicals",3,3,0,3,narrow supporting recall sampled; not full mastery,ha-g9-0027|ha-g9-0029|ha-g9-0030
G9-L-4,9,LIVING_THINGS,"use information from secondary sources to explain the beneficial, harmful, and neutral effects of mutations",1,1,0,1,narrow supporting recall sampled; not full mastery,ha-g9-0028
G9-L-5,9,LIVING_THINGS,"explain the advantage of high biodiversity in maintaining the stability of an ecosystem during difficult conditions, such as food shortages, disease, and climate change",2,2,0,2,narrow supporting recall sampled; not full mastery,ha-g9-0031|ha-g9-0032
G9-L-6,9,LIVING_THINGS,"use information from secondary resources to classify animals and plants of the Philippines as critically endangered, endangered, or vulnerable species",1,1,0,1,narrow supporting recall sampled; not full mastery,ha-g9-0033
G9-L-7,9,LIVING_THINGS,discuss as a class how threats to biodiversity can lead to species extinction,1,1,0,1,narrow supporting recall sampled; not full mastery,ha-g9-0034
G9-L-8,9,LIVING_THINGS,use information from secondary sources to research how to protect and conserve endangered and/or economically important species in the local community,1,1,0,1,narrow supporting recall sampled; not full mastery,ha-g9-0040
G9-L-9,9,LIVING_THINGS,"describe using labeled diagrams the biotic and abiotic features of tropical rainforests, swamps, estuaries, mangrove forests, and coral reefs",3,3,0,3,narrow supporting recall sampled; not full mastery,ha-g9-0037|ha-g9-0038|ha-g9-0039
G9-M-1,9,MATTER,"carry out a valid and reliable scientific investigation to show the formation of a new substance, such as formation of a carbonate (carbon dioxide in limewater), or formation of a precipitate (from silver nitrate solution)",1,1,0,1,narrow supporting recall sampled; not full mastery,ha-g9-0002
G9-M-10,9,MATTER,explain properties of metals in terms of their structure and metallic bonding (sea of electrons model),2,2,0,2,narrow supporting recall sampled; not full mastery,ha-g9-0018|ha-g9-0019
G9-M-11,9,MATTER,"investigate the properties of ionic, covalent, and metallic substances, such as melting point, hardness, electrical and thermal conductivity",1,1,0,1,narrow supporting recall sampled; not full mastery,ha-g9-0020
G9-M-2,9,MATTER,explain that the formation of new bonds or the breaking of existing bonds constitutes a chemical change and the formation of a new substance,1,1,0,1,narrow supporting recall sampled; not full mastery,ha-g9-0001
G9-M-3,9,MATTER,describe a valence electron as an electron in the outer shell of an atom that can take part in formation of bonds,1,1,0,1,narrow supporting recall sampled; not full mastery,ha-g9-0003
G9-M-4,9,MATTER,identify the number of valence electrons of oxygen based on its position in the periodic table,1,1,0,1,narrow supporting recall sampled; not full mastery,ha-g9-0004
G9-M-5,9,MATTER,"explain the formation of ions as either the loss or gain of electrons to produce ionic bonds, using examples, such as the formation of sodium chloride",3,3,0,2,narrow supporting recall sampled; not full mastery,ha-g9-0005|ha-g9-0006|ha-g9-0007
G9-M-6,9,MATTER,"write the chemical formula and chemical names of some common ionic compounds, including sodium chloride (NaCl), magnesium oxide (MgO), potassium chloride (KCl) and magnesium chloride (MgCl2)",4,4,0,4,narrow supporting recall sampled; not full mastery,ha-g9-0009|ha-g9-0010|ha-g9-0011|ha-g9-0012
G9-M-7,9,MATTER,explain the formation of covalent bonds using a molecule of water and a molecule of carbon dioxide,1,1,0,1,narrow supporting recall sampled; not full mastery,ha-g9-0008
G9-M-8,9,MATTER,"write the chemical formula and chemical name of some common covalent compounds, including water (H2O), carbon dioxide (CO2), and ammonia (NH3)",3,3,0,3,narrow supporting recall sampled; not full mastery,ha-g9-0013|ha-g9-0014|ha-g9-0015
G9-M-9,9,MATTER,show by using models that ionic compounds form crystalline structures whereas covalent compounds form individual molecules,2,2,0,2,narrow supporting recall sampled; not full mastery,ha-g9-0016|ha-g9-0017
