grade,lesson,title,quarter,shelf_cards,linked_cards,candidate_items,knowledge_families_upper_bound,core_knowledge_families_upper_bound
3,g3:everyday-science,Science Around Us,1,86,0,0,0,0
3,g3:exploring,Ask and Try,1,4,0,0,0,0
3,g3:science-tools,Our Science Tools,1,59,1,1,1,0
3,g3:science-skills,"Observe, Predict, Measure",1,79,1,1,1,1
3,g3:solid-properties,Properties of Solids,1,478,3,3,3,1
3,g3:harmful-changes,Harmful Material Changes,1,106,1,1,1,1
3,g3:safe-materials,Use and Dispose Safely,1,140,5,5,5,5
3,g3:useful-changes,Making Solids Useful,1,166,1,1,1,1
3,g3:community-metals,Metals We Use,1,177,3,3,3,3
3,g3:living-things-investigation,Investigate Living Things,2,12,0,0,0,0
3,g3:living-or-not,Living and Non-living,2,37,0,0,0,0
3,g3:signs-of-life,Signs of Life,2,639,4,4,4,1
3,g3:animal-parts,Animal Parts and Their Jobs,2,766,6,6,6,5
3,g3:plant-parts,Plant Parts and Their Jobs,2,72,3,3,3,3
3,g3:basic-needs,What Living Things Need,2,427,2,2,2,2
3,g3:depending-on-nature,Living Things Depend on Each Other,2,739,1,1,1,1
3,g3:protecting-nature,Protect Our Environment,2,317,0,0,0,0
3,g3:moving-things,Ways to Move Things,3,154,5,5,4,4
3,g3:movement-factors,What Changes Movement?,3,96,0,0,0,0
3,g3:position,Where Did It Move?,3,7,0,0,0,0
3,g3:sound,Making and Hearing Sound,3,486,5,5,2,2
3,g3:light,Light Around Us,3,356,2,2,2,2
3,g3:light-and-sound-safety,Protect Eyes and Ears,3,129,0,0,0,0
3,g3:sending-messages,Send a Message,3,46,0,0,0,0
3,g3:earth-materials,Earth Materials Around Us,4,256,1,2,2,2
3,g3:weather,Watch the Weather,4,178,0,0,0,0
3,g3:watching-the-sky,Watch the Sky,4,327,3,3,3,3
3,g3:sky-and-our-day,The Sky and Our Activities,4,72,0,0,0,0
3,g3:sun-safety,Stay Safe in the Sun,4,100,1,1,1,1
4,g4:scientists,Scientists and Inventions,1,568,1,1,1,1
4,g4:local-inventions,Inventions in Daily Life,1,143,1,1,1,0
4,g4:chemical-properties,Chemical Properties,1,299,5,5,5,3
4,g4:heating-materials,Heating Changes Materials,1,202,2,2,2,1
4,g4:preventing-harm,Prevent Harmful Changes,1,50,2,2,2,0
4,g4:community-problems,Science Helps Our Community,1,115,1,1,1,1
4,g4:environment-survey,Survey Our Environment,1,12,1,1,1,1
4,g4:body-systems,Our Body Systems,2,308,3,3,3,2
4,g4:plant-systems,Roots and Shoots,2,100,2,2,2,1
4,g4:habitat-groups,Group Living Things by Habitat,2,96,0,0,0,0
4,g4:habitat-examples,Who Lives Here?,2,76,0,0,0,0
4,g4:life-cycles,Compare Life Cycles,2,93,0,0,0,0
4,g4:animal-food,What Animals Eat,2,142,8,8,4,4
4,g4:food-chains,Draw a Food Chain,2,43,0,0,0,0
4,g4:rigid-soft,Rigid and Soft Objects,3,48,1,1,1,1
4,g4:distance-time,Measure Distance and Time,3,18,2,2,2,2
4,g4:speed,Understanding Speed,3,60,3,3,2,2
4,g4:speed-graphs,Distance–Time Graphs,3,10,0,0,0,0
4,g4:change-motion,Change How Objects Move,3,66,1,1,1,1
4,g4:change-shape,Forces Change Shape,3,79,2,2,2,2
4,g4:magnets,Explore Magnets,3,153,5,5,4,4
4,g4:effects-at-distance,Effects Without Touching,3,156,4,4,3,3
4,g4:energy,Energy Causes Change,3,259,2,2,2,2
4,g4:energy-uses,Energy in Our Community,3,311,1,1,1,1
4,g4:soil,Compare Soils,4,65,3,3,3,3
4,g4:water-for-life,Water for Living Things,4,53,2,2,2,2
4,g4:soil-and-growth,Soil and Plant Growth,4,44,0,0,0,0
4,g4:weather-elements,Describe the Weather,4,254,5,5,5,5
4,g4:weather-tools,Measure the Weather,4,62,5,5,5,5
4,g4:weather-chart-safety,Weather Charts and Safety,4,85,1,1,1,1
4,g4:sun,Our Sun,4,113,2,2,2,2
4,g4:shadows,Track a Shadow,4,31,1,1,1,1
4,g4:sun-and-life,The Sun Supports Life,4,49,0,0,0,0
5,g5:matter,Matter: mass and space,1,86,2,2,1,1
5,g5:states-of-matter,"Solids, liquids and gases",1,182,6,6,6,6
5,g5:volume,Measuring volume,1,29,3,3,3,3
5,g5:heat-and-state,Heat and changes of state,1,569,6,6,5,5
5,g5:investigations,Planning a science investigation,1,222,6,6,6,6
5,g5:digestion,The digestive system,2,46,2,2,2,2
5,g5:breathing,The respiratory system,2,67,2,2,2,2
5,g5:human-reproduction,Human reproductive organs,2,58,0,0,0,0
5,g5:classification,Classifying living things,2,229,2,2,2,2
5,g5:animal-reproduction,Live young and eggs,2,157,3,3,3,1
5,g5:life-cycles,Animal and plant life cycles,2,47,1,1,1,1
5,g5:plant-structures,Specialized plant structures,2,221,3,3,3,2
5,g5:adaptations,Plant and animal adaptations,2,733,2,2,2,1
5,g5:contact-forces,Contact forces and motion,3,28,0,0,0,0
5,g5:friction,Investigating friction,3,229,3,3,3,3
5,g5:gravity,Gravity and falling objects,3,348,2,2,2,2
5,g5:static-electricity,Static electricity,3,67,2,2,2,2
5,g5:simple-circuits,Building and drawing circuits,3,97,5,5,3,3
5,g5:conductors,Testing conductors and insulators,3,68,1,1,1,1
5,g5:electromagnets,Making an electromagnet,3,43,1,1,1,1
5,g5:landforms,Landforms and bodies of water,4,150,1,1,1,1
5,g5:rock-observation,Observing rocks,4,53,0,0,0,0
5,g5:rock-classification,Classifying rocks,4,38,0,0,0,0
5,g5:soil-formation,How soil forms,4,95,1,1,1,1
5,g5:erosion,Erosion and transported materials,4,127,1,1,1,1
5,g5:water-cycle,The water cycle and its model,4,183,2,2,2,2
5,g5:weather-disturbances,Typhoons and weather warnings,4,258,4,4,4,2
5,g5:solar-system,Exploring the solar system,4,292,2,2,2,0
5,g5:moon-phases,The Moon’s changing appearance,4,36,0,0,0,0
6,g6:state-changes,Mapping Changes of State,1,141,1,1,1,1
6,g6:heat-and-state,Heat and Changes of State,1,291,5,5,5,3
6,g6:physical-chemical,Physical and Chemical Changes,1,170,4,4,2,1
6,g6:useful-mixtures,Useful Mixtures,1,376,3,3,3,3
6,g6:air-mixture,What Is in Air?,1,86,2,2,2,2
6,g6:separation-methods,Separating Mixtures,1,328,8,8,7,7
6,g6:separation-products,Choosing a Separation Method,1,90,1,1,1,1
6,g6:fair-tests,Design a Fair Test,1,26,2,2,2,2
6,g6:repeat-record,"Repeat, Measure, Record",1,55,0,0,0,0
6,g6:circulation,"Heart, Blood, and Vessels",2,293,8,8,8,7
6,g6:plant-reproduction,How Plants Reproduce,2,374,5,5,4,3
6,g6:propagation-tests,Compare Plant Propagation,2,8,1,1,1,1
6,g6:animal-groups,Animals With and Without Backbones,2,69,2,2,1,1
6,g6:food-webs,Roles in a Food Web,2,267,7,7,6,5
6,g6:competition-predation,Competition and Predation,2,304,2,2,2,2
6,g6:ecosystem-factors,Living and Nonliving Factors,2,75,2,2,1,1
6,g6:ecosystem-effects,How Interactions Help or Harm,2,725,2,2,2,2
6,g6:simple-machines,Simple Machines Around Us,3,484,7,7,7,7
6,g6:machine-investigation,Investigate Simple Machines,3,179,4,4,3,3
6,g6:lever-tests,A Fair Test of Levers,3,38,0,0,0,0
6,g6:wave-energy,Waves Carry Energy,3,67,0,0,0,0
6,g6:water-waves,Explore Water Waves,3,35,1,2,1,1
6,g6:wave-properties,Describing a Wave,3,72,1,1,1,1
6,g6:wave-types,Longitudinal and Transverse Waves,3,35,0,0,0,0
6,g6:wave-models,Model Moving Energy,3,46,2,2,2,2
6,g6:wave-examples,Waves in Daily Life,3,55,1,1,1,1
6,g6:moving-sound,Sound From a Moving Source,3,62,1,1,1,1
6,g6:volcano-formation,How Volcanoes Form,4,54,1,1,1,1
6,g6:local-volcano-risk,Know Your Local Volcano Risk,4,37,1,1,1,1
6,g6:eruption-history,Reading Eruption History,4,37,0,0,0,0
6,g6:volcanic-materials,What Volcanoes Release,4,162,5,5,5,5
6,g6:volcano-alerts,Read Alerts and Act Safely,4,51,0,0,0,0
6,g6:philippine-seasons,Seasons Where We Live,4,82,1,1,1,1
6,g6:day-night,A Globe Model of Day and Night,4,29,3,3,3,1
6,g6:sun-earth-moon,"Model the Sun, Earth, and Moon",4,73,3,3,2,2
6,g6:sky-navigation,"Stars, Navigation, and Seasons",4,54,1,1,1,1
6,g6:community-sky-knowledge,Learning About Community Sky Knowledge,4,23,1,1,1,1
7,g7:scientific-models,Why Scientists Use Models,1,35,1,1,1,1
7,g7:particle-model,Matter Is Made of Particles,1,98,0,0,0,0
7,g7:particle-motion,How Particles Behave,1,164,2,2,2,2
7,g7:particle-diagrams,Draw Three States of Matter,1,33,1,1,1,1
7,g7:particle-state-changes,Particles During Changes of State,1,42,0,0,0,0
7,g7:investigation-steps,Plan and Report an Investigation,1,62,0,0,0,0
7,g7:measure-record,Measure and Organize Data,1,70,0,0,0,0
7,g7:solute-solvent,Solute and Solvent,1,93,2,2,2,2
7,g7:concentration,How Much Solute?,1,32,0,0,0,0
7,g7:solubility,Investigate Solubility,1,69,2,2,2,1
7,g7:litmus,"Acids, Bases, and Litmus",1,101,1,1,1,1
7,g7:equipment-safety,Handle Science Equipment Safely,1,59,1,1,1,1
7,g7:microscope,Meet the Compound Microscope,2,50,0,0,0,0
7,g7:cell-observation,Observe Cells,2,73,4,4,4,4
7,g7:one-many-cells,One Cell or Many?,2,48,1,1,1,1
7,g7:plant-animal-cells,Compare Plant and Animal Cells,2,31,1,1,1,1
7,g7:cell-division,Mitosis and Meiosis,2,57,1,1,1,1
7,g7:inherited-information,Information From Both Parents,2,34,1,1,1,1
7,g7:reproduction-types,Sexual and Asexual Reproduction,2,30,0,0,0,0
7,g7:biological-levels,From Cells to the Biosphere,2,44,8,6,6,5
7,g7:trophic-levels,Levels in an Energy Pyramid,2,24,3,3,3,3
7,g7:energy-transfer,Energy Between Trophic Levels,2,43,2,2,2,2
7,g7:measuring-forces,Forces Can Be Measured,3,95,3,3,3,2
7,g7:balanced-unbalanced,Balanced or Unbalanced?,3,62,0,0,0,0
7,g7:force-diagrams,Draw Force Arrows,3,46,1,1,1,1
7,g7:net-force,When Motion Changes,3,24,1,1,1,1
7,g7:distance-displacement,Distance and Displacement,3,36,1,1,1,1
7,g7:speed-velocity,Speed and Velocity,3,50,0,0,0,0
7,g7:motion-graphs,Graph Uniform Motion,3,45,1,1,1,1
7,g7:heat-temperature,Heat Is Not Temperature,3,21,1,1,1,1
7,g7:heat-transfer-uses,When Heat Transfer Helps or Hurts,3,235,0,0,0,0
7,g7:heat-particles,Particles Transfer Heat,3,59,0,0,0,0
7,g7:heat-electricity,Turning Heat Into Electricity,3,25,1,1,1,1
7,g7:fault-types,Classify Faults,4,28,3,3,2,2
7,g7:fault-models,Model Fault Movement,4,40,1,1,1,1
7,g7:earthquake-effects,What Shapes Earthquake Damage?,4,50,0,0,0,0
7,g7:local-faults,Find Local Fault Information,4,48,0,0,0,0
7,g7:earthquake-models,Model an Earthquake,4,37,3,3,2,2
7,g7:earthquake-plan,Practice the Local Earthquake Plan,4,49,0,0,0,0
7,g7:tsunami-generation,How Tsunamis Form,4,30,1,1,1,1
7,g7:tsunami-alerts,Tsunami Alerts and Action,4,50,1,1,1,1
7,g7:sun-atmosphere,Sunlight Meets the Atmosphere,4,86,0,0,0,0
7,g7:sunlight-angle,Model Sunlight Through the Year,4,78,3,3,2,2
7,g7:day-length,Why Day Length Changes,4,40,0,0,0,0
7,g7:solar-winds,Sunlight Drives Wind Patterns,4,66,5,5,4,4
8,g8:digestion,Trace Food’s Journey,1,50,1,1,1,1
8,g8:body-systems,Body Systems Work Together,1,36,0,0,0,0
8,g8:plant-transport,"Roots, Stems, and Leaves",1,63,1,2,1,1
8,g8:inheritance-patterns,Track an Inherited Trait,1,48,0,0,0,0
8,g8:inheritance-ratios,Predict Inheritance Ratios,1,42,0,0,0,0
8,g8:classification,Kingdoms and Domains,1,47,1,1,1,1
8,g8:humans-primates,"Humans, Mammals, and Primates",1,51,1,1,1,1
8,g8:nature-cycles,Trace Nature’s Cycles,1,93,2,2,2,2
8,g8:photosynthesis-respiration,Photosynthesis and Respiration,1,143,9,6,6,6
8,g8:cell-energy-sites,Where Cell Processes Happen,1,24,2,1,1,1
8,g8:photosynthesis-test,Plan a Photosynthesis Test,1,43,0,0,0,0
8,g8:atomic-timeline,How Atomic Models Changed,2,35,2,2,2,2
8,g8:draw-atom,Draw an Atom Model,2,38,1,1,1,1
8,g8:subatomic-particles,Compare Subatomic Particles,2,47,3,3,2,2
8,g8:pure-substances,What Defines an Element?,2,106,4,4,4,3
8,g8:periodic-history,Building the Periodic Table,2,33,0,0,0,0
8,g8:element-names,Element Names and Symbols,2,215,1,1,1,1
8,g8:periods-groups,Read Groups and Periods,2,45,2,2,1,1
8,g8:electron-position,Electrons and Table Position,2,40,1,1,1,1
8,g8:count-particles,"Count Protons, Neutrons, Electrons",2,32,1,1,1,1
8,g8:group-valence,Valence Electrons in a Group,2,32,0,0,0,0
8,g8:land-water,Earth’s Land and Water,3,23,1,1,1,1
8,g8:crust-sources,Investigate Earth’s Crust,3,42,1,1,1,1
8,g8:volcano-types,Compare Volcano Types,3,27,1,1,1,0
8,g8:volcano-shape,Why Volcano Shapes Differ,3,30,3,3,3,3
8,g8:global-patterns,Map Earth’s Active Belts,3,23,2,2,2,2
8,g8:plates-crust,Crust and Lithospheric Plates,3,37,1,1,1,1
8,g8:typhoon-formation,Why Typhoons Form,3,51,1,1,1,1
8,g8:typhoon-track,Plot a Typhoon Track,3,55,1,1,1,1
8,g8:land-sea-storms,"Land, Sea, and Typhoon Strength",3,20,1,1,1,1
8,g8:community-support,How Authorities Help,3,45,1,1,1,1
8,g8:tide-motions,"Sun, Moon, and Tides",3,50,2,2,1,1
8,g8:tidal-energy,Can Tides Generate Electricity?,3,40,1,1,1,1
8,g8:acceleration,Acceleration Changes Velocity,4,43,2,2,2,1
8,g8:local-motion,Find Acceleration Around You,4,26,2,2,2,2
8,g8:acceleration-graphs,Draw Motion Graphs,4,5,1,1,1,1
8,g8:kinetic-potential,Moving and Stored Energy,4,204,3,3,3,3
8,g8:energy-exchange,Energy Changes Form,4,94,1,1,1,1
8,g8:work,When Is Work Done?,4,41,2,2,2,1
8,g8:power,How Quickly Work Is Done,4,34,2,2,2,2
8,g8:mechanical-energy,Add Mechanical Energy,4,33,0,0,0,0
8,g8:falling-energy,Follow Energy in a Fall,4,26,1,1,1,1
8,g8:hydropower,Water Power in the Philippines,4,41,1,1,1,1
8,g8:light-investigations,Investigate Mirrors and Refraction,4,146,2,2,2,0
9,g9:f-1,Inertia and Net Force,1,94,3,4,3,3
9,g9:f-2,Changing Speed and Direction,1,25,1,1,1,1
9,g9:f-3,"Investigate Force, Mass, Acceleration",1,25,1,1,1,1
9,g9:f-4,Forces Between Two Objects,1,76,2,2,1,1
9,g9:f-5,Draw Action–Reaction Pairs,1,56,1,1,1,0
9,g9:f-6,Electron Flow and Safety,1,70,2,2,2,2
9,g9:f-7,Investigate Circuits,1,61,3,3,3,3
9,g9:f-8,Draw and Assemble Circuits,1,55,2,2,1,1
9,g9:f-9,Compare Circuit Choices,1,29,2,2,2,2
9,g9:f-10,How Electromagnetic Waves Travel,1,42,1,1,1,1
9,g9:f-11,Read the Electromagnetic Spectrum,1,81,0,0,0,0
9,g9:f-12,Uses of Electromagnetic Waves,1,71,1,1,1,1
9,g9:f-13,Research Radiation Effects,1,32,0,0,0,0
9,g9:e-1,Evidence for Continental Drift,2,31,1,1,1,1
9,g9:e-2,Map Philippine Plate Boundaries,2,28,0,0,0,0
9,g9:e-3,Three Plate Boundaries,2,24,2,2,1,1
9,g9:e-4,Fossils Date Rock Layers,2,33,1,1,1,1
9,g9:e-5,Relative and Absolute Dating,2,31,1,1,1,1
9,g9:e-6,Read Earth’s Timeline,2,68,1,1,1,1
9,g9:e-7,Seismic Clues to Earth’s Interior,2,34,1,1,1,1
9,g9:e-8,Draw Earth’s Layers to Scale,2,62,0,0,0,0
9,g9:e-9,"Small Worlds, Early Solar System",2,69,3,3,3,3
9,g9:e-10,Why Meteor Showers Return,2,26,1,1,1,1
9,g9:e-11,Tools for Space Research,2,91,2,2,2,2
9,g9:l-1,Model the DNA Double Helix,3,39,0,0,0,0
9,g9:l-2,"DNA, Genes, and Inheritance",3,93,4,4,3,3
9,g9:l-3,How Mutations Arise,3,27,2,2,2,2
9,g9:l-4,Different Effects of Mutations,3,22,1,1,1,1
9,g9:l-5,Biodiversity and Resilience,3,37,0,0,0,0
9,g9:l-6,Read Conservation Classifications,3,35,1,1,1,1
9,g9:l-7,Threats and Extinction,3,51,1,1,1,1
9,g9:l-8,Research Local Conservation,3,60,1,1,1,1
9,g9:l-9,Label Philippine Ecosystems,3,73,0,0,0,0
9,g9:l-10,Human Impacts on Ecosystems,3,187,2,2,2,1
9,g9:l-11,Plan an Environmental Survey,3,7,0,0,0,0
9,g9:m-1,Investigate a New Substance,4,45,0,0,0,0
9,g9:m-2,Bonds Change in Reactions,4,79,2,2,2,0
9,g9:m-3,Valence Electrons Make Bonds,4,38,4,4,3,3
9,g9:m-4,Count Oxygen’s Valence Electrons,4,78,1,1,1,1
9,g9:m-5,Form Ions and Ionic Bonds,4,30,3,3,3,3
9,g9:m-6,Name Ionic Compounds,4,33,4,4,3,3
9,g9:m-7,Share Electrons in Molecules,4,25,0,0,0,0
9,g9:m-8,Name Molecular Compounds,4,43,3,3,3,3
9,g9:m-9,Lattices and Molecules,4,38,1,1,1,1
9,g9:m-10,Metallic Bonding,4,27,1,1,1,1
9,g9:m-11,Compare Bonding and Properties,4,38,2,2,2,2
10,g10:e-1,Measure Plate Motion,1,29,0,0,0,0
10,g10:e-2,Compare Plate Boundaries,1,37,3,3,2,1
10,g10:e-3,Read the Philippine Tectonic Map,1,37,0,0,0,0
10,g10:e-4,Project Future Plate Positions,1,32,0,0,0,0
10,g10:e-5,What Drives Plates?,1,29,3,3,3,1
10,g10:e-6,Effects of Subduction,1,21,0,0,0,0
10,g10:e-7,Himalayas and Andes,1,20,1,1,1,1
10,g10:e-8,Evidence of Climate Change,1,41,2,2,2,2
10,g10:e-9,Enhanced Greenhouse Warming,1,93,3,3,3,3
10,g10:e-10,ENSO and Weather,1,61,3,3,3,3
10,g10:e-11,Local Climate Action,1,43,0,0,0,0
10,g10:e-12,Philippine Renewable Energy,1,48,2,2,2,2
10,g10:f-1,Investigate Projectiles,2,39,2,2,2,2
10,g10:f-2,Elastic and Inelastic Collisions,2,22,2,2,1,1
10,g10:f-3,Model a Collision,2,46,2,2,1,1
10,g10:f-4,"Mass, Velocity, and Momentum",2,33,2,2,1,1
10,g10:f-5,Investigate Stopping Motion,2,37,1,1,1,1
10,g10:f-6,Impulse Changes Momentum,2,29,2,2,2,2
10,g10:f-7,Research Collision Protection,2,20,1,1,1,1
10,g10:f-8,Conservation of Momentum,2,29,1,1,1,1
10,g10:f-9,From Power Plant to Home,2,31,0,0,0,0
10,g10:f-10,Household Electrical Safety,2,102,2,2,2,2
10,g10:f-11,Motors and Generators,2,47,2,2,2,2
10,g10:f-12,Save Electricity Together,2,37,1,1,1,1
10,g10:f-13,Compare Energy Sources,2,46,0,0,0,0
10,g10:m-1,Evidence of Chemical Reactions,3,152,4,4,4,4
10,g10:m-2,"Test Acids, Bases, and Salts",3,74,0,0,0,0
10,g10:m-3,Four Reaction Types,3,29,5,5,4,3
10,g10:m-4,Reactions Around Us,3,80,2,2,2,2
10,g10:m-5,Write Chemical Equations,3,47,0,0,0,0
10,g10:m-6,"Atoms Rearrange, Mass Remains",3,39,1,1,1,1
10,g10:m-7,Balance an Equation,3,53,3,3,3,2
10,g10:m-8,Control Reaction Rates,3,123,1,1,1,0
10,g10:m-9,Exothermic and Endothermic,3,50,2,2,1,1
10,g10:l-1,Keep Internal Conditions Balanced,4,138,2,2,2,2
10,g10:l-2,Compare Feedback Loops,4,65,3,3,2,1
10,g10:l-3,Research Natural Selection,4,33,2,2,2,2
10,g10:l-4,How Populations Evolve,4,55,1,1,1,1
10,g10:l-5,Evidence for Evolution,4,49,4,4,4,2
10,g10:l-6,What Is Biotechnology?,4,31,0,0,0,0
10,g10:l-7,Traditional Fermentation,4,95,3,3,3,2
10,g10:l-8,Modern Biotechnology,4,21,2,2,1,0
10,g10:l-9,Debate Biotechnology Choices,4,49,0,0,0,0
10,g10:l-10,Limits to Population Size,4,23,0,0,0,0
10,g10:l-11,Growth Near Carrying Capacity,4,52,1,1,1,1
