id,grade,domain,baseline_projected_distinct_3_option,direct_bank_questions,direct_bank_distinct_3_option,additional_unreviewed_candidates,additional_unreviewed_distinct_3_option,same_topic_other_grade_candidates,shortlisted_additional_candidates,disposition,new_item_requirement
g9-matter-organic-compounds,9,MATTER,77,77,77,65,36,0,24,inventory only; curriculum and question-level review required,undetermined; do not subtract unreviewed retrieval leads from the authoring budget
g9-matter-ionic-bonds,9,MATTER,29,29,29,67,38,0,24,inventory only; curriculum and question-level review required,undetermined; do not subtract unreviewed retrieval leads from the authoring budget
g9-matter-covalent-bonds,9,MATTER,25,25,25,52,32,0,24,inventory only; curriculum and question-level review required,undetermined; do not subtract unreviewed retrieval leads from the authoring budget
g9-matter-metallic-bonds,9,MATTER,10,9,9,45,23,0,24,inventory only; curriculum and question-level review required,undetermined; do not subtract unreviewed retrieval leads from the authoring budget
g9-matter-compound-properties,9,MATTER,35,32,32,107,65,0,24,inventory only; curriculum and question-level review required,undetermined; do not subtract unreviewed retrieval leads from the authoring budget
g9-matter-chemical-changes,9,MATTER,3,3,3,384,175,15,24,inventory only; curriculum and question-level review required,undetermined; do not subtract unreviewed retrieval leads from the authoring budget
g9-matter-mole-calculations,9,MATTER,49,50,49,11,6,0,11,inventory only; curriculum and question-level review required,undetermined; do not subtract unreviewed retrieval leads from the authoring budget
g9-matter-percentage-compositions,9,MATTER,68,68,68,23,4,0,23,inventory only; curriculum and question-level review required,undetermined; do not subtract unreviewed retrieval leads from the authoring budget
g9-matter-electronic-structures,9,MATTER,25,25,25,44,14,0,24,inventory only; curriculum and question-level review required,undetermined; do not subtract unreviewed retrieval leads from the authoring budget
g9-matter-scientific-investigations,9,MATTER,17,16,16,168,133,103,24,inventory only; curriculum and question-level review required,undetermined; do not subtract unreviewed retrieval leads from the authoring budget
g9-earth_space-small-solar-system-bodies,9,EARTH_SPACE,13,12,12,1041,371,0,24,inventory only; curriculum and question-level review required,undetermined; do not subtract unreviewed retrieval leads from the authoring budget
g9-earth_space-solar-system-and-orbits,9,EARTH_SPACE,10,10,10,508,223,0,24,inventory only; curriculum and question-level review required,undetermined; do not subtract unreviewed retrieval leads from the authoring budget
g9-earth_space-climate-factors-and-phenomena,9,EARTH_SPACE,17,17,17,215,132,0,24,inventory only; curriculum and question-level review required,undetermined; do not subtract unreviewed retrieval leads from the authoring budget
g9-earth_space-volcanoes-and-geothermal-energy,9,EARTH_SPACE,38,38,38,1263,701,0,24,inventory only; curriculum and question-level review required,undetermined; do not subtract unreviewed retrieval leads from the authoring budget
g9-earth_space-plate-boundaries-and-drift,9,EARTH_SPACE,15,16,15,136,91,0,24,inventory only; curriculum and question-level review required,undetermined; do not subtract unreviewed retrieval leads from the authoring budget
g9-earth_space-space-technologies,9,EARTH_SPACE,12,12,12,314,91,0,24,inventory only; curriculum and question-level review required,undetermined; do not subtract unreviewed retrieval leads from the authoring budget
g9-earth_space-geologic-time-and-dating,9,EARTH_SPACE,47,47,47,601,157,0,24,inventory only; curriculum and question-level review required,undetermined; do not subtract unreviewed retrieval leads from the authoring budget
g9-earth_space-stars-and-constellations,9,EARTH_SPACE,16,16,16,246,75,0,24,inventory only; curriculum and question-level review required,undetermined; do not subtract unreviewed retrieval leads from the authoring budget
g9-earth_space-seismic-waves-and-layers,9,EARTH_SPACE,13,12,12,411,247,0,24,inventory only; curriculum and question-level review required,undetermined; do not subtract unreviewed retrieval leads from the authoring budget
g3-matter-states-of-matter,3,MATTER,25,25,25,267,139,13,24,inventory only; curriculum and question-level review required,undetermined; do not subtract unreviewed retrieval leads from the authoring budget
g3-matter-physical-properties-of-materials,3,MATTER,31,31,31,393,280,37,24,inventory only; curriculum and question-level review required,undetermined; do not subtract unreviewed retrieval leads from the authoring budget
g3-matter-science-process-skills,3,MATTER,38,32,32,242,121,7,24,inventory only; curriculum and question-level review required,undetermined; do not subtract unreviewed retrieval leads from the authoring budget
g3-matter-temperature-changes,3,MATTER,11,11,11,871,407,0,24,inventory only; curriculum and question-level review required,undetermined; do not subtract unreviewed retrieval leads from the authoring budget
g3-matter-changes-in-solid-materials,3,MATTER,7,7,7,939,589,20,24,inventory only; curriculum and question-level review required,undetermined; do not subtract unreviewed retrieval leads from the authoring budget
g3-matter-waste-materials,3,MATTER,3,3,3,310,155,0,24,inventory only; curriculum and question-level review required,undetermined; do not subtract unreviewed retrieval leads from the authoring budget
g3-matter-harmful-changes-in-materials,3,MATTER,10,10,10,709,417,0,24,inventory only; curriculum and question-level review required,undetermined; do not subtract unreviewed retrieval leads from the authoring budget
g3-matter-metals-and-their-uses,3,MATTER,4,4,4,490,194,0,24,inventory only; curriculum and question-level review required,undetermined; do not subtract unreviewed retrieval leads from the authoring budget
g3-matter-safe-use-of-materials,3,MATTER,3,3,3,321,151,0,24,inventory only; curriculum and question-level review required,undetermined; do not subtract unreviewed retrieval leads from the authoring budget
g3-matter-chemical-reaction-rates,3,MATTER,10,10,10,510,257,0,24,inventory only; curriculum and question-level review required,undetermined; do not subtract unreviewed retrieval leads from the authoring budget
g4-force_motion_energy-heat-energy,4,FORCE_MOTION_ENERGY,5,5,5,2041,1102,0,24,inventory only; curriculum and question-level review required,undetermined; do not subtract unreviewed retrieval leads from the authoring budget
g4-force_motion_energy-light-and-sound,4,FORCE_MOTION_ENERGY,11,11,11,1614,773,0,24,inventory only; curriculum and question-level review required,undetermined; do not subtract unreviewed retrieval leads from the authoring budget
g4-force_motion_energy-forms-of-energy,4,FORCE_MOTION_ENERGY,8,8,8,1453,850,20,24,inventory only; curriculum and question-level review required,undetermined; do not subtract unreviewed retrieval leads from the authoring budget
g4-force_motion_energy-motion-and-speed,4,FORCE_MOTION_ENERGY,19,17,17,584,297,22,24,inventory only; curriculum and question-level review required,undetermined; do not subtract unreviewed retrieval leads from the authoring budget
g4-force_motion_energy-magnets,4,FORCE_MOTION_ENERGY,11,11,11,43,33,0,24,inventory only; curriculum and question-level review required,undetermined; do not subtract unreviewed retrieval leads from the authoring budget
g4-force_motion_energy-sound-energy,4,FORCE_MOTION_ENERGY,14,14,14,1638,885,0,24,inventory only; curriculum and question-level review required,undetermined; do not subtract unreviewed retrieval leads from the authoring budget
g4-force_motion_energy-forces,4,FORCE_MOTION_ENERGY,24,25,24,93,65,0,24,inventory only; curriculum and question-level review required,undetermined; do not subtract unreviewed retrieval leads from the authoring budget
g4-force_motion_energy-science-inventions,4,FORCE_MOTION_ENERGY,17,17,17,90,31,0,24,inventory only; curriculum and question-level review required,undetermined; do not subtract unreviewed retrieval leads from the authoring budget
g4-force_motion_energy-energy-travel,4,FORCE_MOTION_ENERGY,4,4,4,1843,931,0,24,inventory only; curriculum and question-level review required,undetermined; do not subtract unreviewed retrieval leads from the authoring budget
g10-living_things-nervous-systems,10,LIVING_THINGS,5,5,5,232,66,4,24,inventory only; curriculum and question-level review required,undetermined; do not subtract unreviewed retrieval leads from the authoring budget
g10-living_things-endocrine-systems,10,LIVING_THINGS,14,14,14,40,22,0,24,inventory only; curriculum and question-level review required,undetermined; do not subtract unreviewed retrieval leads from the authoring budget
g10-living_things-female-reproductive-systems,10,LIVING_THINGS,21,20,20,118,80,0,24,inventory only; curriculum and question-level review required,undetermined; do not subtract unreviewed retrieval leads from the authoring budget
g10-living_things-homeostasis-and-feedback-mechanisms,10,LIVING_THINGS,15,15,15,16,8,0,16,inventory only; curriculum and question-level review required,undetermined; do not subtract unreviewed retrieval leads from the authoring budget
g10-living_things-protein-synthesis-and-mutations,10,LIVING_THINGS,35,35,35,114,60,0,24,inventory only; curriculum and question-level review required,undetermined; do not subtract unreviewed retrieval leads from the authoring budget
g10-living_things-evidence-of-evolution,10,LIVING_THINGS,23,21,21,80,43,0,24,inventory only; curriculum and question-level review required,undetermined; do not subtract unreviewed retrieval leads from the authoring budget
g10-living_things-mechanisms-of-evolution,10,LIVING_THINGS,12,12,12,54,31,0,24,inventory only; curriculum and question-level review required,undetermined; do not subtract unreviewed retrieval leads from the authoring budget
g10-living_things-populations-and-carrying-capacity,10,LIVING_THINGS,26,25,25,68,19,0,24,inventory only; curriculum and question-level review required,undetermined; do not subtract unreviewed retrieval leads from the authoring budget
g10-living_things-biodiversity-and-ecosystems,10,LIVING_THINGS,23,23,23,74,52,0,24,inventory only; curriculum and question-level review required,undetermined; do not subtract unreviewed retrieval leads from the authoring budget
g10-living_things-biotechnology-applications,10,LIVING_THINGS,42,39,39,4,1,0,4,inventory only; curriculum and question-level review required,undetermined; do not subtract unreviewed retrieval leads from the authoring budget
g10-matter-chemical-changes,10,MATTER,15,15,15,372,163,3,24,inventory only; curriculum and question-level review required,undetermined; do not subtract unreviewed retrieval leads from the authoring budget
g10-matter-balancing-chemical-equations,10,MATTER,12,12,12,425,205,0,24,inventory only; curriculum and question-level review required,undetermined; do not subtract unreviewed retrieval leads from the authoring budget
g10-matter-conservation-of-mass,10,MATTER,1,1,1,287,178,0,24,inventory only; curriculum and question-level review required,undetermined; do not subtract unreviewed retrieval leads from the authoring budget
g10-matter-types-of-chemical-reactions,10,MATTER,16,15,14,437,208,0,24,inventory only; curriculum and question-level review required,undetermined; do not subtract unreviewed retrieval leads from the authoring budget
g10-matter-factors-affecting-reaction-rates,10,MATTER,36,35,35,196,115,0,24,inventory only; curriculum and question-level review required,undetermined; do not subtract unreviewed retrieval leads from the authoring budget
g10-matter-endothermic-and-exothermic-reactions,10,MATTER,2,2,2,88,47,0,24,inventory only; curriculum and question-level review required,undetermined; do not subtract unreviewed retrieval leads from the authoring budget
g10-matter-biomolecules,10,MATTER,12,12,12,0,0,0,0,inventory only; curriculum and question-level review required,undetermined; do not subtract unreviewed retrieval leads from the authoring budget
g10-matter-gas-laws,10,MATTER,15,15,15,608,289,0,24,inventory only; curriculum and question-level review required,undetermined; do not subtract unreviewed retrieval leads from the authoring budget
g10-matter-acids-bases-and-salts,10,MATTER,13,12,12,95,70,18,24,inventory only; curriculum and question-level review required,undetermined; do not subtract unreviewed retrieval leads from the authoring budget
g6-living_things-plant-reproduction,6,LIVING_THINGS,3,3,3,333,232,46,24,inventory only; curriculum and question-level review required,undetermined; do not subtract unreviewed retrieval leads from the authoring budget
g6-living_things-plant-propagation-methods,6,LIVING_THINGS,25,23,23,757,415,0,24,inventory only; curriculum and question-level review required,undetermined; do not subtract unreviewed retrieval leads from the authoring budget
g6-living_things-digestive-systems,6,LIVING_THINGS,5,5,5,214,128,46,24,inventory only; curriculum and question-level review required,undetermined; do not subtract unreviewed retrieval leads from the authoring budget
g6-living_things-musculoskeletal-and-integumentary-systems,6,LIVING_THINGS,36,36,36,30,22,0,24,inventory only; curriculum and question-level review required,undetermined; do not subtract unreviewed retrieval leads from the authoring budget
g6-living_things-circulatory-and-respiratory-systems,6,LIVING_THINGS,27,26,26,615,268,4,24,inventory only; curriculum and question-level review required,undetermined; do not subtract unreviewed retrieval leads from the authoring budget
g6-living_things-nervous-systems,6,LIVING_THINGS,3,4,3,233,68,5,24,inventory only; curriculum and question-level review required,undetermined; do not subtract unreviewed retrieval leads from the authoring budget
g6-living_things-organ-systems-working-together,6,LIVING_THINGS,18,18,18,548,194,0,24,inventory only; curriculum and question-level review required,undetermined; do not subtract unreviewed retrieval leads from the authoring budget
g6-living_things-animal-groups,6,LIVING_THINGS,31,31,31,629,362,0,24,inventory only; curriculum and question-level review required,undetermined; do not subtract unreviewed retrieval leads from the authoring budget
g6-living_things-tropical-and-coastal-ecosystems,6,LIVING_THINGS,17,17,17,184,75,0,24,inventory only; curriculum and question-level review required,undetermined; do not subtract unreviewed retrieval leads from the authoring budget
g6-living_things-biotic-and-abiotic-factors,6,LIVING_THINGS,3,3,3,59,52,12,24,inventory only; curriculum and question-level review required,undetermined; do not subtract unreviewed retrieval leads from the authoring budget
g6-living_things-ecological-interactions,6,LIVING_THINGS,16,15,15,25,23,19,24,inventory only; curriculum and question-level review required,undetermined; do not subtract unreviewed retrieval leads from the authoring budget
g6-living_things-food-webs-and-roles,6,LIVING_THINGS,6,6,6,59,33,0,24,inventory only; curriculum and question-level review required,undetermined; do not subtract unreviewed retrieval leads from the authoring budget
g5-earth_space-water-cycle-processes,5,EARTH_SPACE,6,6,6,3433,1809,16,24,inventory only; curriculum and question-level review required,undetermined; do not subtract unreviewed retrieval leads from the authoring budget
g5-earth_space-phases-of-the-moon,5,EARTH_SPACE,13,13,13,456,243,0,24,inventory only; curriculum and question-level review required,undetermined; do not subtract unreviewed retrieval leads from the authoring budget
g5-earth_space-constellations-and-star-patterns,5,EARTH_SPACE,8,8,8,282,104,0,24,inventory only; curriculum and question-level review required,undetermined; do not subtract unreviewed retrieval leads from the authoring budget
g5-earth_space-landforms-and-water-bodies,5,EARTH_SPACE,2,2,2,723,318,0,24,inventory only; curriculum and question-level review required,undetermined; do not subtract unreviewed retrieval leads from the authoring budget
g5-earth_space-rocks-and-rock-formation,5,EARTH_SPACE,4,4,4,745,424,0,24,inventory only; curriculum and question-level review required,undetermined; do not subtract unreviewed retrieval leads from the authoring budget
g5-earth_space-waste-management,5,EARTH_SPACE,16,17,16,302,147,1,24,inventory only; curriculum and question-level review required,undetermined; do not subtract unreviewed retrieval leads from the authoring budget
g5-earth_space-weather-disturbances-and-typhoons,5,EARTH_SPACE,58,58,58,373,182,0,24,inventory only; curriculum and question-level review required,undetermined; do not subtract unreviewed retrieval leads from the authoring budget
g5-earth_space-weathering-and-erosion,5,EARTH_SPACE,47,46,46,136,64,0,24,inventory only; curriculum and question-level review required,undetermined; do not subtract unreviewed retrieval leads from the authoring budget
g5-earth_space-solar-system-components,5,EARTH_SPACE,5,5,5,465,209,0,24,inventory only; curriculum and question-level review required,undetermined; do not subtract unreviewed retrieval leads from the authoring budget
g5-earth_space-environmental-changes,5,EARTH_SPACE,8,8,8,409,258,0,24,inventory only; curriculum and question-level review required,undetermined; do not subtract unreviewed retrieval leads from the authoring budget
g7-matter-scientific-models,7,MATTER,45,45,45,70,34,0,24,inventory only; curriculum and question-level review required,undetermined; do not subtract unreviewed retrieval leads from the authoring budget
g7-matter-particle-model-of-matter,7,MATTER,32,31,31,323,179,0,24,inventory only; curriculum and question-level review required,undetermined; do not subtract unreviewed retrieval leads from the authoring budget
g7-matter-states-and-phase-changes,7,MATTER,29,29,28,521,339,0,24,inventory only; curriculum and question-level review required,undetermined; do not subtract unreviewed retrieval leads from the authoring budget
g7-matter-pure-substances-and-mixtures,7,MATTER,20,20,20,244,116,0,24,inventory only; curriculum and question-level review required,undetermined; do not subtract unreviewed retrieval leads from the authoring budget
g7-matter-elements-and-compounds,7,MATTER,32,32,32,188,100,15,24,inventory only; curriculum and question-level review required,undetermined; do not subtract unreviewed retrieval leads from the authoring budget
g7-matter-solutions,7,MATTER,38,38,38,55,53,23,24,inventory only; curriculum and question-level review required,undetermined; do not subtract unreviewed retrieval leads from the authoring budget
g7-matter-solution-concentration,7,MATTER,63,62,62,134,96,0,24,inventory only; curriculum and question-level review required,undetermined; do not subtract unreviewed retrieval leads from the authoring budget
g7-matter-solubility-factors,7,MATTER,23,22,22,82,63,0,24,inventory only; curriculum and question-level review required,undetermined; do not subtract unreviewed retrieval leads from the authoring budget
g7-matter-acids-bases-and-salts,7,MATTER,19,18,18,89,64,12,24,inventory only; curriculum and question-level review required,undetermined; do not subtract unreviewed retrieval leads from the authoring budget
g7-matter-scientific-investigations,7,MATTER,87,89,88,95,61,30,24,inventory only; curriculum and question-level review required,undetermined; do not subtract unreviewed retrieval leads from the authoring budget
g7-matter-laboratory-equipment-and-safety,7,MATTER,19,19,19,204,138,0,24,inventory only; curriculum and question-level review required,undetermined; do not subtract unreviewed retrieval leads from the authoring budget
g7-matter-measurement-tools-and-units,7,MATTER,48,48,47,118,54,0,24,inventory only; curriculum and question-level review required,undetermined; do not subtract unreviewed retrieval leads from the authoring budget
g6-earth_space-constellations,6,EARTH_SPACE,5,5,5,43,14,0,24,inventory only; curriculum and question-level review required,undetermined; do not subtract unreviewed retrieval leads from the authoring budget
g6-earth_space-ethnoastronomy-beliefs,6,EARTH_SPACE,15,15,15,1,1,0,1,inventory only; curriculum and question-level review required,undetermined; do not subtract unreviewed retrieval leads from the authoring budget
g6-earth_space-earths-motions,6,EARTH_SPACE,13,11,11,19,12,0,19,inventory only; curriculum and question-level review required,undetermined; do not subtract unreviewed retrieval leads from the authoring budget
g6-earth_space-seasons,6,EARTH_SPACE,26,25,25,76,45,0,24,inventory only; curriculum and question-level review required,undetermined; do not subtract unreviewed retrieval leads from the authoring budget
g6-earth_space-earthquakes-and-surface-changes,6,EARTH_SPACE,12,12,12,871,410,0,24,inventory only; curriculum and question-level review required,undetermined; do not subtract unreviewed retrieval leads from the authoring budget
g6-earth_space-volcanic-materials-and-alerts,6,EARTH_SPACE,8,7,7,346,214,0,24,inventory only; curriculum and question-level review required,undetermined; do not subtract unreviewed retrieval leads from the authoring budget
g6-earth_space-volcano-parts-and-formation,6,EARTH_SPACE,19,19,19,298,163,0,24,inventory only; curriculum and question-level review required,undetermined; do not subtract unreviewed retrieval leads from the authoring budget
g6-earth_space-earthquake-and-volcanic-safety,6,EARTH_SPACE,22,23,22,473,267,0,24,inventory only; curriculum and question-level review required,undetermined; do not subtract unreviewed retrieval leads from the authoring budget
g6-earth_space-planets,6,EARTH_SPACE,40,45,40,108,42,0,24,inventory only; curriculum and question-level review required,undetermined; do not subtract unreviewed retrieval leads from the authoring budget
g6-earth_space-atmospheres,6,EARTH_SPACE,13,13,13,1,1,0,1,inventory only; curriculum and question-level review required,undetermined; do not subtract unreviewed retrieval leads from the authoring budget
g5-living_things-waste-management-practices,5,LIVING_THINGS,4,4,4,167,98,0,24,inventory only; curriculum and question-level review required,undetermined; do not subtract unreviewed retrieval leads from the authoring budget
g5-living_things-digestive-system-parts,5,LIVING_THINGS,7,7,7,341,133,0,24,inventory only; curriculum and question-level review required,undetermined; do not subtract unreviewed retrieval leads from the authoring budget
g5-living_things-estuaries-and-intertidal-zones,5,LIVING_THINGS,25,25,25,36,25,0,24,inventory only; curriculum and question-level review required,undetermined; do not subtract unreviewed retrieval leads from the authoring budget
g5-living_things-animal-reproduction,5,LIVING_THINGS,50,51,50,617,371,0,24,inventory only; curriculum and question-level review required,undetermined; do not subtract unreviewed retrieval leads from the authoring budget
g5-living_things-respiratory-system-parts,5,LIVING_THINGS,7,7,7,324,122,0,24,inventory only; curriculum and question-level review required,undetermined; do not subtract unreviewed retrieval leads from the authoring budget
g5-living_things-plant-reproduction,5,LIVING_THINGS,46,46,46,290,189,3,24,inventory only; curriculum and question-level review required,undetermined; do not subtract unreviewed retrieval leads from the authoring budget
g5-living_things-human-reproductive-system,5,LIVING_THINGS,70,69,69,577,184,0,24,inventory only; curriculum and question-level review required,undetermined; do not subtract unreviewed retrieval leads from the authoring budget
g5-living_things-plant-and-animal-adaptations,5,LIVING_THINGS,8,8,8,1301,741,0,24,inventory only; curriculum and question-level review required,undetermined; do not subtract unreviewed retrieval leads from the authoring budget
g5-living_things-specialized-plant-structures,5,LIVING_THINGS,8,8,8,788,427,0,24,inventory only; curriculum and question-level review required,undetermined; do not subtract unreviewed retrieval leads from the authoring budget
g5-living_things-menstrual-cycles,5,LIVING_THINGS,39,39,39,14,12,0,14,inventory only; curriculum and question-level review required,undetermined; do not subtract unreviewed retrieval leads from the authoring budget
g5-living_things-angiosperms-and-gymnosperms,5,LIVING_THINGS,4,4,4,2,1,0,2,inventory only; curriculum and question-level review required,undetermined; do not subtract unreviewed retrieval leads from the authoring budget
g5-living_things-animal-and-microorganism-classification,5,LIVING_THINGS,12,6,6,583,338,0,24,inventory only; curriculum and question-level review required,undetermined; do not subtract unreviewed retrieval leads from the authoring budget
g5-living_things-soil-and-plant-growth,5,LIVING_THINGS,2,2,2,760,410,0,24,inventory only; curriculum and question-level review required,undetermined; do not subtract unreviewed retrieval leads from the authoring budget
g4-living_things-science-process-skills,4,LIVING_THINGS,10,10,10,255,134,18,24,inventory only; curriculum and question-level review required,undetermined; do not subtract unreviewed retrieval leads from the authoring budget
g4-living_things-scientists-and-inventions,4,LIVING_THINGS,20,21,20,249,55,0,24,inventory only; curriculum and question-level review required,undetermined; do not subtract unreviewed retrieval leads from the authoring budget
g4-living_things-habitats,4,LIVING_THINGS,10,9,9,32,25,0,24,inventory only; curriculum and question-level review required,undetermined; do not subtract unreviewed retrieval leads from the authoring budget
g4-living_things-environmental-effects,4,LIVING_THINGS,12,12,12,61,43,0,24,inventory only; curriculum and question-level review required,undetermined; do not subtract unreviewed retrieval leads from the authoring budget
g4-living_things-life-cycles,4,LIVING_THINGS,24,24,24,293,168,0,24,inventory only; curriculum and question-level review required,undetermined; do not subtract unreviewed retrieval leads from the authoring budget
g4-living_things-animal-adaptations,4,LIVING_THINGS,28,28,28,562,327,0,24,inventory only; curriculum and question-level review required,undetermined; do not subtract unreviewed retrieval leads from the authoring budget
g4-living_things-animal-diets,4,LIVING_THINGS,0,0,0,90,44,0,24,inventory only; curriculum and question-level review required,undetermined; do not subtract unreviewed retrieval leads from the authoring budget
g4-living_things-plant-structures,4,LIVING_THINGS,24,25,24,779,420,0,24,inventory only; curriculum and question-level review required,undetermined; do not subtract unreviewed retrieval leads from the authoring budget
g4-living_things-ecological-interactions,4,LIVING_THINGS,19,19,19,21,19,15,21,inventory only; curriculum and question-level review required,undetermined; do not subtract unreviewed retrieval leads from the authoring budget
g4-living_things-food-chains-and-webs,4,LIVING_THINGS,7,7,6,1334,627,6,24,inventory only; curriculum and question-level review required,undetermined; do not subtract unreviewed retrieval leads from the authoring budget
g4-living_things-digestive-systems,4,LIVING_THINGS,12,12,12,207,121,39,24,inventory only; curriculum and question-level review required,undetermined; do not subtract unreviewed retrieval leads from the authoring budget
g4-living_things-circulatory-and-respiratory-systems,4,LIVING_THINGS,4,4,4,637,290,26,24,inventory only; curriculum and question-level review required,undetermined; do not subtract unreviewed retrieval leads from the authoring budget
g4-living_things-muscular-and-skeletal-systems,4,LIVING_THINGS,18,18,18,37,25,0,24,inventory only; curriculum and question-level review required,undetermined; do not subtract unreviewed retrieval leads from the authoring budget
g4-living_things-major-organs,4,LIVING_THINGS,9,9,9,509,200,0,24,inventory only; curriculum and question-level review required,undetermined; do not subtract unreviewed retrieval leads from the authoring budget
g6-matter-kinds-of-mixtures,6,MATTER,41,41,41,153,75,0,24,inventory only; curriculum and question-level review required,undetermined; do not subtract unreviewed retrieval leads from the authoring budget
g6-matter-solutions,6,MATTER,23,23,23,70,68,38,24,inventory only; curriculum and question-level review required,undetermined; do not subtract unreviewed retrieval leads from the authoring budget
g6-matter-suspensions-and-colloids,6,MATTER,22,22,22,10,9,0,10,inventory only; curriculum and question-level review required,undetermined; do not subtract unreviewed retrieval leads from the authoring budget
g6-matter-decantation-methods,6,MATTER,10,10,10,35,21,0,24,inventory only; curriculum and question-level review required,undetermined; do not subtract unreviewed retrieval leads from the authoring budget
g6-matter-evaporation-methods,6,MATTER,6,6,6,219,159,0,24,inventory only; curriculum and question-level review required,undetermined; do not subtract unreviewed retrieval leads from the authoring budget
g6-matter-filtering-and-sieving,6,MATTER,6,6,6,144,74,0,24,inventory only; curriculum and question-level review required,undetermined; do not subtract unreviewed retrieval leads from the authoring budget
g6-matter-magnetic-separation-methods,6,MATTER,3,3,3,240,140,0,24,inventory only; curriculum and question-level review required,undetermined; do not subtract unreviewed retrieval leads from the authoring budget
g6-matter-general-separation-techniques,6,MATTER,19,20,19,39,25,0,24,inventory only; curriculum and question-level review required,undetermined; do not subtract unreviewed retrieval leads from the authoring budget
g6-matter-fair-test-variables,6,MATTER,28,27,27,121,65,0,24,inventory only; curriculum and question-level review required,undetermined; do not subtract unreviewed retrieval leads from the authoring budget
g6-matter-phase-changes-and-heat,6,MATTER,5,4,4,1467,809,0,24,inventory only; curriculum and question-level review required,undetermined; do not subtract unreviewed retrieval leads from the authoring budget
g6-matter-physical-and-chemical-changes,6,MATTER,6,5,5,463,263,3,24,inventory only; curriculum and question-level review required,undetermined; do not subtract unreviewed retrieval leads from the authoring budget
g6-matter-air-components,6,MATTER,1,2,1,734,296,0,24,inventory only; curriculum and question-level review required,undetermined; do not subtract unreviewed retrieval leads from the authoring budget
g3-living_things-living-and-non-living-things,3,LIVING_THINGS,21,21,21,652,301,0,24,inventory only; curriculum and question-level review required,undetermined; do not subtract unreviewed retrieval leads from the authoring budget
g3-living_things-basic-needs,3,LIVING_THINGS,26,26,26,318,119,0,24,inventory only; curriculum and question-level review required,undetermined; do not subtract unreviewed retrieval leads from the authoring budget
g3-living_things-human-sense-organs,3,LIVING_THINGS,54,55,54,406,137,0,24,inventory only; curriculum and question-level review required,undetermined; do not subtract unreviewed retrieval leads from the authoring budget
g3-living_things-science-process-skills,3,LIVING_THINGS,19,18,18,247,126,10,24,inventory only; curriculum and question-level review required,undetermined; do not subtract unreviewed retrieval leads from the authoring budget
g3-living_things-animal-body-parts,3,LIVING_THINGS,31,31,31,1913,758,0,24,inventory only; curriculum and question-level review required,undetermined; do not subtract unreviewed retrieval leads from the authoring budget
g3-living_things-plant-parts-and-functions,3,LIVING_THINGS,16,16,16,758,415,0,24,inventory only; curriculum and question-level review required,undetermined; do not subtract unreviewed retrieval leads from the authoring budget
g3-living_things-useful-plants-and-animals,3,LIVING_THINGS,15,15,15,1300,547,0,24,inventory only; curriculum and question-level review required,undetermined; do not subtract unreviewed retrieval leads from the authoring budget
g3-living_things-environmental-protection,3,LIVING_THINGS,16,17,16,99,50,0,24,inventory only; curriculum and question-level review required,undetermined; do not subtract unreviewed retrieval leads from the authoring budget
g3-living_things-living-things-in-environments,3,LIVING_THINGS,17,17,17,607,277,0,24,inventory only; curriculum and question-level review required,undetermined; do not subtract unreviewed retrieval leads from the authoring budget
g3-living_things-inherited-traits,3,LIVING_THINGS,16,16,16,84,46,0,24,inventory only; curriculum and question-level review required,undetermined; do not subtract unreviewed retrieval leads from the authoring budget
g5-matter-mass-and-temperature-measurements,5,MATTER,20,20,20,788,348,0,24,inventory only; curriculum and question-level review required,undetermined; do not subtract unreviewed retrieval leads from the authoring budget
g5-matter-volume-measurements,5,MATTER,7,7,7,104,53,0,24,inventory only; curriculum and question-level review required,undetermined; do not subtract unreviewed retrieval leads from the authoring budget
g5-matter-states-of-matter,5,MATTER,13,13,13,279,151,25,24,inventory only; curriculum and question-level review required,undetermined; do not subtract unreviewed retrieval leads from the authoring budget
g5-matter-effects-of-heat,5,MATTER,11,11,11,1094,569,0,24,inventory only; curriculum and question-level review required,undetermined; do not subtract unreviewed retrieval leads from the authoring budget
g5-matter-physical-and-chemical-changes,5,MATTER,3,3,3,465,265,5,24,inventory only; curriculum and question-level review required,undetermined; do not subtract unreviewed retrieval leads from the authoring budget
g5-matter-material-properties,5,MATTER,43,43,43,289,148,0,24,inventory only; curriculum and question-level review required,undetermined; do not subtract unreviewed retrieval leads from the authoring budget
g5-matter-waste-management,5,MATTER,13,13,13,302,147,0,24,inventory only; curriculum and question-level review required,undetermined; do not subtract unreviewed retrieval leads from the authoring budget
g5-matter-science-process-skills,5,MATTER,8,7,7,267,146,32,24,inventory only; curriculum and question-level review required,undetermined; do not subtract unreviewed retrieval leads from the authoring budget
g8-living_things-metabolic-reactions,8,LIVING_THINGS,6,6,6,31,12,0,24,inventory only; curriculum and question-level review required,undetermined; do not subtract unreviewed retrieval leads from the authoring budget
g8-living_things-biogeochemical-cycles,8,LIVING_THINGS,16,16,15,11,9,0,11,inventory only; curriculum and question-level review required,undetermined; do not subtract unreviewed retrieval leads from the authoring budget
g8-living_things-classification-systems,8,LIVING_THINGS,35,34,34,44,24,0,24,inventory only; curriculum and question-level review required,undetermined; do not subtract unreviewed retrieval leads from the authoring budget
g8-living_things-inheritance-patterns,8,LIVING_THINGS,36,36,35,60,35,0,24,inventory only; curriculum and question-level review required,undetermined; do not subtract unreviewed retrieval leads from the authoring budget
g8-living_things-biodiversity-and-conservation,8,LIVING_THINGS,28,28,28,177,129,62,24,inventory only; curriculum and question-level review required,undetermined; do not subtract unreviewed retrieval leads from the authoring budget
g8-living_things-plant-transport-systems,8,LIVING_THINGS,10,10,10,806,453,0,24,inventory only; curriculum and question-level review required,undetermined; do not subtract unreviewed retrieval leads from the authoring budget
g8-living_things-cellular-respiration-and-fermentation,8,LIVING_THINGS,18,17,17,90,59,0,24,inventory only; curriculum and question-level review required,undetermined; do not subtract unreviewed retrieval leads from the authoring budget
g8-living_things-food-chains-and-energy,8,LIVING_THINGS,4,4,4,2376,1226,0,24,inventory only; curriculum and question-level review required,undetermined; do not subtract unreviewed retrieval leads from the authoring budget
g8-living_things-cell-division,8,LIVING_THINGS,38,38,38,249,139,0,24,inventory only; curriculum and question-level review required,undetermined; do not subtract unreviewed retrieval leads from the authoring budget
g8-living_things-digestive-systems,8,LIVING_THINGS,36,34,34,185,99,17,24,inventory only; curriculum and question-level review required,undetermined; do not subtract unreviewed retrieval leads from the authoring budget
g8-living_things-photosynthesis,8,LIVING_THINGS,6,5,5,110,34,0,24,inventory only; curriculum and question-level review required,undetermined; do not subtract unreviewed retrieval leads from the authoring budget
g8-living_things-human-impacts-on-ecosystems,8,LIVING_THINGS,22,22,22,2847,985,29,24,inventory only; curriculum and question-level review required,undetermined; do not subtract unreviewed retrieval leads from the authoring budget
g8-matter-particle-nature-of-matter,8,MATTER,9,9,9,353,185,0,24,inventory only; curriculum and question-level review required,undetermined; do not subtract unreviewed retrieval leads from the authoring budget
g8-matter-phase-changes,8,MATTER,3,3,3,449,290,0,24,inventory only; curriculum and question-level review required,undetermined; do not subtract unreviewed retrieval leads from the authoring budget
g8-matter-subatomic-particles,8,MATTER,18,18,18,294,158,0,24,inventory only; curriculum and question-level review required,undetermined; do not subtract unreviewed retrieval leads from the authoring budget
g8-matter-atomic-models,8,MATTER,13,11,11,91,46,0,24,inventory only; curriculum and question-level review required,undetermined; do not subtract unreviewed retrieval leads from the authoring budget
g8-matter-periodic-table-development,8,MATTER,22,22,22,157,73,0,24,inventory only; curriculum and question-level review required,undetermined; do not subtract unreviewed retrieval leads from the authoring budget
g8-matter-groups-and-periods,8,MATTER,26,26,26,87,41,0,24,inventory only; curriculum and question-level review required,undetermined; do not subtract unreviewed retrieval leads from the authoring budget
g8-matter-metals-nonmetals-metalloids,8,MATTER,8,8,8,185,66,0,24,inventory only; curriculum and question-level review required,undetermined; do not subtract unreviewed retrieval leads from the authoring budget
g8-matter-electron-configurations,8,MATTER,23,23,23,81,48,0,24,inventory only; curriculum and question-level review required,undetermined; do not subtract unreviewed retrieval leads from the authoring budget
g8-matter-isotopes-and-atomic-mass,8,MATTER,10,10,10,346,192,0,24,inventory only; curriculum and question-level review required,undetermined; do not subtract unreviewed retrieval leads from the authoring budget
g8-matter-elements-and-compounds,8,MATTER,15,15,15,205,117,32,24,inventory only; curriculum and question-level review required,undetermined; do not subtract unreviewed retrieval leads from the authoring budget
g7-living_things-microscopes,7,LIVING_THINGS,101,100,100,3,1,0,3,inventory only; curriculum and question-level review required,undetermined; do not subtract unreviewed retrieval leads from the authoring budget
g7-living_things-cells,7,LIVING_THINGS,37,36,36,373,183,0,24,inventory only; curriculum and question-level review required,undetermined; do not subtract unreviewed retrieval leads from the authoring budget
g7-living_things-cell-divisions,7,LIVING_THINGS,44,44,44,233,124,0,24,inventory only; curriculum and question-level review required,undetermined; do not subtract unreviewed retrieval leads from the authoring budget
g7-living_things-types-of-reproduction,7,LIVING_THINGS,35,35,35,52,39,0,24,inventory only; curriculum and question-level review required,undetermined; do not subtract unreviewed retrieval leads from the authoring budget
g7-living_things-ecosystem-components,7,LIVING_THINGS,10,10,10,94,58,0,24,inventory only; curriculum and question-level review required,undetermined; do not subtract unreviewed retrieval leads from the authoring budget
g7-living_things-ecological-relationships,7,LIVING_THINGS,11,11,11,8,5,0,8,inventory only; curriculum and question-level review required,undetermined; do not subtract unreviewed retrieval leads from the authoring budget
g7-living_things-food-chains-and-webs,7,LIVING_THINGS,7,6,6,1335,627,7,24,inventory only; curriculum and question-level review required,undetermined; do not subtract unreviewed retrieval leads from the authoring budget
g7-living_things-human-impacts-on-ecosystems,7,LIVING_THINGS,19,19,19,2850,988,32,24,inventory only; curriculum and question-level review required,undetermined; do not subtract unreviewed retrieval leads from the authoring budget
g7-living_things-levels-of-biological-organization,7,LIVING_THINGS,35,34,34,79,29,0,24,inventory only; curriculum and question-level review required,undetermined; do not subtract unreviewed retrieval leads from the authoring budget
g7-living_things-scientific-investigations,7,LIVING_THINGS,25,26,25,76,42,0,24,inventory only; curriculum and question-level review required,undetermined; do not subtract unreviewed retrieval leads from the authoring budget
g9-force_motion_energy-laws-of-motion,9,FORCE_MOTION_ENERGY,26,25,25,205,117,0,24,inventory only; curriculum and question-level review required,undetermined; do not subtract unreviewed retrieval leads from the authoring budget
g9-force_motion_energy-momentum-impulse-and-collisions,9,FORCE_MOTION_ENERGY,9,9,9,75,43,21,24,inventory only; curriculum and question-level review required,undetermined; do not subtract unreviewed retrieval leads from the authoring budget
g9-force_motion_energy-energy-heat-and-work,9,FORCE_MOTION_ENERGY,18,18,18,2254,1190,0,24,inventory only; curriculum and question-level review required,undetermined; do not subtract unreviewed retrieval leads from the authoring budget
g9-force_motion_energy-electromagnetic-waves-and-applications,9,FORCE_MOTION_ENERGY,26,24,24,293,166,0,24,inventory only; curriculum and question-level review required,undetermined; do not subtract unreviewed retrieval leads from the authoring budget
g9-force_motion_energy-circuits-and-ohms-law,9,FORCE_MOTION_ENERGY,29,28,28,189,117,0,24,inventory only; curriculum and question-level review required,undetermined; do not subtract unreviewed retrieval leads from the authoring budget
g9-force_motion_energy-electrical-energy-systems,9,FORCE_MOTION_ENERGY,26,26,26,1278,705,0,24,inventory only; curriculum and question-level review required,undetermined; do not subtract unreviewed retrieval leads from the authoring budget
g9-force_motion_energy-projectile-motion,9,FORCE_MOTION_ENERGY,21,21,21,220,130,20,24,inventory only; curriculum and question-level review required,undetermined; do not subtract unreviewed retrieval leads from the authoring budget
g9-force_motion_energy-free-fall-motion,9,FORCE_MOTION_ENERGY,10,10,10,373,194,0,24,inventory only; curriculum and question-level review required,undetermined; do not subtract unreviewed retrieval leads from the authoring budget
g8-force_motion_energy-electrical-safety-devices,8,FORCE_MOTION_ENERGY,7,7,7,294,162,0,24,inventory only; curriculum and question-level review required,undetermined; do not subtract unreviewed retrieval leads from the authoring budget
g8-force_motion_energy-uniform-circular-motion,8,FORCE_MOTION_ENERGY,7,7,7,236,139,0,24,inventory only; curriculum and question-level review required,undetermined; do not subtract unreviewed retrieval leads from the authoring budget
g8-force_motion_energy-kinetic-and-potential-energy,8,FORCE_MOTION_ENERGY,27,27,27,1134,630,0,24,inventory only; curriculum and question-level review required,undetermined; do not subtract unreviewed retrieval leads from the authoring budget
g8-force_motion_energy-conservation-of-energy,8,FORCE_MOTION_ENERGY,10,9,9,1208,681,0,24,inventory only; curriculum and question-level review required,undetermined; do not subtract unreviewed retrieval leads from the authoring budget
g8-force_motion_energy-light-dispersion,8,FORCE_MOTION_ENERGY,10,10,10,1128,524,0,24,inventory only; curriculum and question-level review required,undetermined; do not subtract unreviewed retrieval leads from the authoring budget
g8-force_motion_energy-refraction-and-lenses,8,FORCE_MOTION_ENERGY,12,12,12,97,66,0,24,inventory only; curriculum and question-level review required,undetermined; do not subtract unreviewed retrieval leads from the authoring budget
g8-force_motion_energy-newtons-laws-of-motion,8,FORCE_MOTION_ENERGY,22,21,21,218,124,0,24,inventory only; curriculum and question-level review required,undetermined; do not subtract unreviewed retrieval leads from the authoring budget
g8-force_motion_energy-series-and-parallel-circuits,8,FORCE_MOTION_ENERGY,14,14,14,81,55,4,24,inventory only; curriculum and question-level review required,undetermined; do not subtract unreviewed retrieval leads from the authoring budget
g8-force_motion_energy-work-and-power,8,FORCE_MOTION_ENERGY,15,15,15,445,203,0,24,inventory only; curriculum and question-level review required,undetermined; do not subtract unreviewed retrieval leads from the authoring budget
g8-force_motion_energy-sound-and-light,8,FORCE_MOTION_ENERGY,15,15,15,1614,773,0,24,inventory only; curriculum and question-level review required,undetermined; do not subtract unreviewed retrieval leads from the authoring budget
g8-force_motion_energy-forces-and-motion,8,FORCE_MOTION_ENERGY,16,16,16,273,164,0,24,inventory only; curriculum and question-level review required,undetermined; do not subtract unreviewed retrieval leads from the authoring budget
g8-force_motion_energy-motion-graphs,8,FORCE_MOTION_ENERGY,16,14,14,204,119,0,24,inventory only; curriculum and question-level review required,undetermined; do not subtract unreviewed retrieval leads from the authoring budget
g8-force_motion_energy-acceleration,8,FORCE_MOTION_ENERGY,9,9,9,54,35,0,24,inventory only; curriculum and question-level review required,undetermined; do not subtract unreviewed retrieval leads from the authoring budget
g8-force_motion_energy-current-voltage-and-resistance,8,FORCE_MOTION_ENERGY,30,30,30,344,166,0,24,inventory only; curriculum and question-level review required,undetermined; do not subtract unreviewed retrieval leads from the authoring budget
g8-force_motion_energy-heat-and-temperature,8,FORCE_MOTION_ENERGY,4,4,4,1492,694,0,24,inventory only; curriculum and question-level review required,undetermined; do not subtract unreviewed retrieval leads from the authoring budget
g8-force_motion_energy-reflection-of-light,8,FORCE_MOTION_ENERGY,14,13,13,1142,534,0,24,inventory only; curriculum and question-level review required,undetermined; do not subtract unreviewed retrieval leads from the authoring budget
g5-force_motion_energy-non-contact-forces,5,FORCE_MOTION_ENERGY,8,8,8,186,116,0,24,inventory only; curriculum and question-level review required,undetermined; do not subtract unreviewed retrieval leads from the authoring budget
g5-force_motion_energy-friction-forces,5,FORCE_MOTION_ENERGY,13,13,13,341,205,0,24,inventory only; curriculum and question-level review required,undetermined; do not subtract unreviewed retrieval leads from the authoring budget
g5-force_motion_energy-contact-forces,5,FORCE_MOTION_ENERGY,8,8,8,130,84,0,24,inventory only; curriculum and question-level review required,undetermined; do not subtract unreviewed retrieval leads from the authoring budget
g5-force_motion_energy-gravity,5,FORCE_MOTION_ENERGY,8,8,8,315,169,0,24,inventory only; curriculum and question-level review required,undetermined; do not subtract unreviewed retrieval leads from the authoring budget
g5-force_motion_energy-motion-and-speed,5,FORCE_MOTION_ENERGY,22,22,22,579,292,17,24,inventory only; curriculum and question-level review required,undetermined; do not subtract unreviewed retrieval leads from the authoring budget
g5-force_motion_energy-light-interactions,5,FORCE_MOTION_ENERGY,12,12,12,1124,520,0,24,inventory only; curriculum and question-level review required,undetermined; do not subtract unreviewed retrieval leads from the authoring budget
g5-force_motion_energy-simple-electric-circuits,5,FORCE_MOTION_ENERGY,17,17,17,368,142,0,24,inventory only; curriculum and question-level review required,undetermined; do not subtract unreviewed retrieval leads from the authoring budget
g5-force_motion_energy-series-and-parallel-circuits,5,FORCE_MOTION_ENERGY,4,4,4,91,65,14,24,inventory only; curriculum and question-level review required,undetermined; do not subtract unreviewed retrieval leads from the authoring budget
g5-force_motion_energy-circuit-diagrams-and-symbols,5,FORCE_MOTION_ENERGY,5,5,5,199,126,0,24,inventory only; curriculum and question-level review required,undetermined; do not subtract unreviewed retrieval leads from the authoring budget
g5-force_motion_energy-conductors-and-insulators,5,FORCE_MOTION_ENERGY,16,17,16,35,25,0,24,inventory only; curriculum and question-level review required,undetermined; do not subtract unreviewed retrieval leads from the authoring budget
g5-force_motion_energy-static-electricity,5,FORCE_MOTION_ENERGY,6,6,6,527,197,0,24,inventory only; curriculum and question-level review required,undetermined; do not subtract unreviewed retrieval leads from the authoring budget
g5-force_motion_energy-magnets-and-electromagnets,5,FORCE_MOTION_ENERGY,8,8,8,49,35,0,24,inventory only; curriculum and question-level review required,undetermined; do not subtract unreviewed retrieval leads from the authoring budget
g4-matter-physical-properties-of-materials,4,MATTER,37,37,37,387,274,31,24,inventory only; curriculum and question-level review required,undetermined; do not subtract unreviewed retrieval leads from the authoring budget
g4-matter-changes-in-solid-materials,4,MATTER,21,20,20,926,576,7,24,inventory only; curriculum and question-level review required,undetermined; do not subtract unreviewed retrieval leads from the authoring budget
g4-matter-temperature-effects-on-materials,4,MATTER,26,26,26,3258,1215,0,24,inventory only; curriculum and question-level review required,undetermined; do not subtract unreviewed retrieval leads from the authoring budget
g4-matter-chemical-properties-of-materials,4,MATTER,34,34,34,609,315,0,24,inventory only; curriculum and question-level review required,undetermined; do not subtract unreviewed retrieval leads from the authoring budget
g4-matter-useful-and-harmful-changes,4,MATTER,26,26,26,604,323,0,24,inventory only; curriculum and question-level review required,undetermined; do not subtract unreviewed retrieval leads from the authoring budget
g4-matter-environmental-problems-and-solutions,4,MATTER,29,29,29,62,46,0,24,inventory only; curriculum and question-level review required,undetermined; do not subtract unreviewed retrieval leads from the authoring budget
g4-matter-scientific-investigations,4,MATTER,15,14,14,170,135,105,24,inventory only; curriculum and question-level review required,undetermined; do not subtract unreviewed retrieval leads from the authoring budget
g4-matter-scientists-and-inventions,4,MATTER,22,21,21,244,50,0,24,inventory only; curriculum and question-level review required,undetermined; do not subtract unreviewed retrieval leads from the authoring budget
g4-matter-mixtures,4,MATTER,15,15,15,62,47,0,24,inventory only; curriculum and question-level review required,undetermined; do not subtract unreviewed retrieval leads from the authoring budget
g4-matter-hazardous-materials,4,MATTER,40,40,40,213,137,0,24,inventory only; curriculum and question-level review required,undetermined; do not subtract unreviewed retrieval leads from the authoring budget
g4-matter-chemical-bonds,4,MATTER,26,26,26,449,214,0,24,inventory only; curriculum and question-level review required,undetermined; do not subtract unreviewed retrieval leads from the authoring budget
g8-earth_space-faults-and-earthquake-generation,8,EARTH_SPACE,28,28,28,182,78,0,24,inventory only; curriculum and question-level review required,undetermined; do not subtract unreviewed retrieval leads from the authoring budget
g8-earth_space-earthquake-focus-and-epicenter,8,EARTH_SPACE,26,26,26,186,80,0,24,inventory only; curriculum and question-level review required,undetermined; do not subtract unreviewed retrieval leads from the authoring budget
g8-earth_space-earthquake-waves-and-interior,8,EARTH_SPACE,13,13,13,419,214,0,24,inventory only; curriculum and question-level review required,undetermined; do not subtract unreviewed retrieval leads from the authoring budget
g8-earth_space-typhoon-formation-and-structure,8,EARTH_SPACE,25,23,23,313,136,0,24,inventory only; curriculum and question-level review required,undetermined; do not subtract unreviewed retrieval leads from the authoring budget
g8-earth_space-typhoon-tracking-and-preparedness,8,EARTH_SPACE,13,13,13,195,83,0,24,inventory only; curriculum and question-level review required,undetermined; do not subtract unreviewed retrieval leads from the authoring budget
g8-earth_space-volcanic-eruptions-and-hazards,8,EARTH_SPACE,40,39,39,160,99,0,24,inventory only; curriculum and question-level review required,undetermined; do not subtract unreviewed retrieval leads from the authoring budget
g8-earth_space-crust-and-lithospheric-plates,8,EARTH_SPACE,11,9,9,100,54,0,24,inventory only; curriculum and question-level review required,undetermined; do not subtract unreviewed retrieval leads from the authoring budget
g8-earth_space-comets-meteors-and-asteroids,8,EARTH_SPACE,17,17,17,33,13,0,24,inventory only; curriculum and question-level review required,undetermined; do not subtract unreviewed retrieval leads from the authoring budget
g8-earth_space-moon-phases-and-tides,8,EARTH_SPACE,10,9,9,493,272,0,24,inventory only; curriculum and question-level review required,undetermined; do not subtract unreviewed retrieval leads from the authoring budget
g3-earth_space-earth-materials,3,EARTH_SPACE,10,9,9,1338,621,0,24,inventory only; curriculum and question-level review required,undetermined; do not subtract unreviewed retrieval leads from the authoring budget
g3-earth_space-land-and-water-forms,3,EARTH_SPACE,6,6,6,3792,1975,0,24,inventory only; curriculum and question-level review required,undetermined; do not subtract unreviewed retrieval leads from the authoring budget
g3-earth_space-natural-and-human-made-things,3,EARTH_SPACE,8,8,8,1633,635,0,24,inventory only; curriculum and question-level review required,undetermined; do not subtract unreviewed retrieval leads from the authoring budget
g3-earth_space-weather-conditions,3,EARTH_SPACE,17,17,17,361,172,0,24,inventory only; curriculum and question-level review required,undetermined; do not subtract unreviewed retrieval leads from the authoring budget
g3-earth_space-weather-safety-and-activities,3,EARTH_SPACE,14,14,14,543,310,0,24,inventory only; curriculum and question-level review required,undetermined; do not subtract unreviewed retrieval leads from the authoring budget
g3-earth_space-sky-objects,3,EARTH_SPACE,5,6,5,458,176,0,24,inventory only; curriculum and question-level review required,undetermined; do not subtract unreviewed retrieval leads from the authoring budget
g3-earth_space-movements-in-the-sky,3,EARTH_SPACE,12,12,12,248,55,0,24,inventory only; curriculum and question-level review required,undetermined; do not subtract unreviewed retrieval leads from the authoring budget
g3-earth_space-sun-and-moon-effects,3,EARTH_SPACE,14,14,14,1240,593,0,24,inventory only; curriculum and question-level review required,undetermined; do not subtract unreviewed retrieval leads from the authoring budget
g3-earth_space-waste-management,3,EARTH_SPACE,1,1,1,318,162,17,24,inventory only; curriculum and question-level review required,undetermined; do not subtract unreviewed retrieval leads from the authoring budget
g6-force_motion_energy-simple-machines,6,FORCE_MOTION_ENERGY,24,24,24,200,76,0,24,inventory only; curriculum and question-level review required,undetermined; do not subtract unreviewed retrieval leads from the authoring budget
g6-force_motion_energy-levers,6,FORCE_MOTION_ENERGY,8,8,8,19,16,0,19,inventory only; curriculum and question-level review required,undetermined; do not subtract unreviewed retrieval leads from the authoring budget
g6-force_motion_energy-inclined-planes,6,FORCE_MOTION_ENERGY,23,23,23,84,48,0,24,inventory only; curriculum and question-level review required,undetermined; do not subtract unreviewed retrieval leads from the authoring budget
g6-force_motion_energy-waves,6,FORCE_MOTION_ENERGY,33,31,31,263,150,8,24,inventory only; curriculum and question-level review required,undetermined; do not subtract unreviewed retrieval leads from the authoring budget
g6-force_motion_energy-sound-waves,6,FORCE_MOTION_ENERGY,8,8,8,740,378,10,24,inventory only; curriculum and question-level review required,undetermined; do not subtract unreviewed retrieval leads from the authoring budget
g6-force_motion_energy-forms-of-energy,6,FORCE_MOTION_ENERGY,20,20,20,1441,838,8,24,inventory only; curriculum and question-level review required,undetermined; do not subtract unreviewed retrieval leads from the authoring budget
g6-force_motion_energy-energy-transformations,6,FORCE_MOTION_ENERGY,16,16,16,1137,636,0,24,inventory only; curriculum and question-level review required,undetermined; do not subtract unreviewed retrieval leads from the authoring budget
g6-force_motion_energy-friction-and-gravity,6,FORCE_MOTION_ENERGY,28,28,28,568,312,0,24,inventory only; curriculum and question-level review required,undetermined; do not subtract unreviewed retrieval leads from the authoring budget
g10-earth_space-natural-climate-change-causes,10,EARTH_SPACE,20,20,20,1369,645,0,24,inventory only; curriculum and question-level review required,undetermined; do not subtract unreviewed retrieval leads from the authoring budget
g10-earth_space-climate-adaptation-and-mitigation,10,EARTH_SPACE,22,22,22,211,118,0,24,inventory only; curriculum and question-level review required,undetermined; do not subtract unreviewed retrieval leads from the authoring budget
g10-earth_space-climate-factors-and-seasons,10,EARTH_SPACE,16,16,16,287,175,0,24,inventory only; curriculum and question-level review required,undetermined; do not subtract unreviewed retrieval leads from the authoring budget
g10-earth_space-greenhouse-effect-and-global-warming,10,EARTH_SPACE,28,27,27,239,116,0,24,inventory only; curriculum and question-level review required,undetermined; do not subtract unreviewed retrieval leads from the authoring budget
g10-earth_space-lithospheric-plates,10,EARTH_SPACE,9,9,9,118,76,0,24,inventory only; curriculum and question-level review required,undetermined; do not subtract unreviewed retrieval leads from the authoring budget
g10-earth_space-plate-boundary-types,10,EARTH_SPACE,42,40,40,113,72,0,24,inventory only; curriculum and question-level review required,undetermined; do not subtract unreviewed retrieval leads from the authoring budget
g10-earth_space-convergent-plate-boundaries,10,EARTH_SPACE,22,22,22,107,70,0,24,inventory only; curriculum and question-level review required,undetermined; do not subtract unreviewed retrieval leads from the authoring budget
g10-earth_space-divergent-and-transform-boundaries,10,EARTH_SPACE,7,7,7,22,20,0,22,inventory only; curriculum and question-level review required,undetermined; do not subtract unreviewed retrieval leads from the authoring budget
g10-earth_space-plate-movement-evidence,10,EARTH_SPACE,33,32,32,236,127,0,24,inventory only; curriculum and question-level review required,undetermined; do not subtract unreviewed retrieval leads from the authoring budget
g10-earth_space-plate-movement-mechanisms,10,EARTH_SPACE,27,26,26,202,108,0,24,inventory only; curriculum and question-level review required,undetermined; do not subtract unreviewed retrieval leads from the authoring budget
g10-earth_space-earthquake-seismic-waves,10,EARTH_SPACE,5,5,5,46,32,0,24,inventory only; curriculum and question-level review required,undetermined; do not subtract unreviewed retrieval leads from the authoring budget
g10-earth_space-volcano-earthquake-mountain-belts,10,EARTH_SPACE,16,15,15,487,227,0,24,inventory only; curriculum and question-level review required,undetermined; do not subtract unreviewed retrieval leads from the authoring budget
g7-force_motion_energy-force-vectors-free-body-diagrams,7,FORCE_MOTION_ENERGY,15,14,14,1997,805,0,24,inventory only; curriculum and question-level review required,undetermined; do not subtract unreviewed retrieval leads from the authoring budget
g7-force_motion_energy-forces-and-their-effects,7,FORCE_MOTION_ENERGY,4,4,4,138,95,0,24,inventory only; curriculum and question-level review required,undetermined; do not subtract unreviewed retrieval leads from the authoring budget
g7-force_motion_energy-balanced-and-unbalanced-forces,7,FORCE_MOTION_ENERGY,3,3,3,93,55,0,24,inventory only; curriculum and question-level review required,undetermined; do not subtract unreviewed retrieval leads from the authoring budget
g7-force_motion_energy-distance-and-displacement,7,FORCE_MOTION_ENERGY,22,22,22,274,150,0,24,inventory only; curriculum and question-level review required,undetermined; do not subtract unreviewed retrieval leads from the authoring budget
g7-force_motion_energy-speed-velocity-acceleration,7,FORCE_MOTION_ENERGY,30,30,30,441,220,0,24,inventory only; curriculum and question-level review required,undetermined; do not subtract unreviewed retrieval leads from the authoring budget
g7-force_motion_energy-motion-graphs-ticker-tapes,7,FORCE_MOTION_ENERGY,17,16,16,203,118,0,24,inventory only; curriculum and question-level review required,undetermined; do not subtract unreviewed retrieval leads from the authoring budget
g7-force_motion_energy-heat-temperature-conductors-insulators,7,FORCE_MOTION_ENERGY,11,10,10,1507,704,0,24,inventory only; curriculum and question-level review required,undetermined; do not subtract unreviewed retrieval leads from the authoring budget
g7-force_motion_energy-heat-transfer-methods,7,FORCE_MOTION_ENERGY,17,17,17,1071,550,0,24,inventory only; curriculum and question-level review required,undetermined; do not subtract unreviewed retrieval leads from the authoring budget
g7-force_motion_energy-charging-processes,7,FORCE_MOTION_ENERGY,14,14,14,7,5,0,7,inventory only; curriculum and question-level review required,undetermined; do not subtract unreviewed retrieval leads from the authoring budget
g7-force_motion_energy-waves,7,FORCE_MOTION_ENERGY,8,8,8,286,173,31,24,inventory only; curriculum and question-level review required,undetermined; do not subtract unreviewed retrieval leads from the authoring budget
g7-force_motion_energy-sound-waves,7,FORCE_MOTION_ENERGY,10,10,10,738,376,8,24,inventory only; curriculum and question-level review required,undetermined; do not subtract unreviewed retrieval leads from the authoring budget
g7-force_motion_energy-light,7,FORCE_MOTION_ENERGY,7,7,7,1126,522,0,24,inventory only; curriculum and question-level review required,undetermined; do not subtract unreviewed retrieval leads from the authoring budget
g10-force_motion_energy-mirrors-and-lenses,10,FORCE_MOTION_ENERGY,34,34,34,44,28,0,24,inventory only; curriculum and question-level review required,undetermined; do not subtract unreviewed retrieval leads from the authoring budget
g10-force_motion_energy-electromagnetic-waves,10,FORCE_MOTION_ENERGY,75,75,75,286,160,0,24,inventory only; curriculum and question-level review required,undetermined; do not subtract unreviewed retrieval leads from the authoring budget
g10-force_motion_energy-electric-power-systems,10,FORCE_MOTION_ENERGY,33,32,32,412,180,0,24,inventory only; curriculum and question-level review required,undetermined; do not subtract unreviewed retrieval leads from the authoring budget
g10-force_motion_energy-projectile-motion,10,FORCE_MOTION_ENERGY,21,20,20,221,131,21,24,inventory only; curriculum and question-level review required,undetermined; do not subtract unreviewed retrieval leads from the authoring budget
g10-force_motion_energy-electric-motors-and-generators,10,FORCE_MOTION_ENERGY,24,24,24,190,62,0,24,inventory only; curriculum and question-level review required,undetermined; do not subtract unreviewed retrieval leads from the authoring budget
g10-force_motion_energy-momentum-impulse-and-collisions,10,FORCE_MOTION_ENERGY,22,21,21,63,31,9,24,inventory only; curriculum and question-level review required,undetermined; do not subtract unreviewed retrieval leads from the authoring budget
g9-living_things-respiratory-and-circulatory-systems,9,LIVING_THINGS,34,34,34,41,31,0,24,inventory only; curriculum and question-level review required,undetermined; do not subtract unreviewed retrieval leads from the authoring budget
g9-living_things-respiratory-and-circulatory-diseases,9,LIVING_THINGS,43,43,43,54,30,0,24,inventory only; curriculum and question-level review required,undetermined; do not subtract unreviewed retrieval leads from the authoring budget
g9-living_things-dna-genes-and-chromosomes,9,LIVING_THINGS,73,71,70,164,75,0,24,inventory only; curriculum and question-level review required,undetermined; do not subtract unreviewed retrieval leads from the authoring budget
g9-living_things-non-mendelian-inheritance,9,LIVING_THINGS,29,30,29,67,41,0,24,inventory only; curriculum and question-level review required,undetermined; do not subtract unreviewed retrieval leads from the authoring budget
g9-living_things-photosynthesis-and-cellular-respiration,9,LIVING_THINGS,38,38,38,144,58,0,24,inventory only; curriculum and question-level review required,undetermined; do not subtract unreviewed retrieval leads from the authoring budget
g9-living_things-biotic-and-abiotic-factors,9,LIVING_THINGS,13,12,12,50,43,3,24,inventory only; curriculum and question-level review required,undetermined; do not subtract unreviewed retrieval leads from the authoring budget
g9-living_things-human-impacts-on-ecosystems,9,LIVING_THINGS,12,10,10,2859,997,41,24,inventory only; curriculum and question-level review required,undetermined; do not subtract unreviewed retrieval leads from the authoring budget
g9-living_things-biodiversity-and-conservation,9,LIVING_THINGS,63,62,61,143,96,28,24,inventory only; curriculum and question-level review required,undetermined; do not subtract unreviewed retrieval leads from the authoring budget
g4-earth_space-soil-types-and-characteristics,4,EARTH_SPACE,28,27,27,550,306,0,24,inventory only; curriculum and question-level review required,undetermined; do not subtract unreviewed retrieval leads from the authoring budget
g4-earth_space-water-sources-and-uses,4,EARTH_SPACE,21,21,21,3306,1699,0,24,inventory only; curriculum and question-level review required,undetermined; do not subtract unreviewed retrieval leads from the authoring budget
g4-earth_space-water-cycle-processes,4,EARTH_SPACE,16,16,16,3423,1799,6,24,inventory only; curriculum and question-level review required,undetermined; do not subtract unreviewed retrieval leads from the authoring budget
g4-earth_space-environmental-issues-and-solutions,4,EARTH_SPACE,12,12,12,61,50,0,24,inventory only; curriculum and question-level review required,undetermined; do not subtract unreviewed retrieval leads from the authoring budget
g4-earth_space-weather-types-and-characteristics,4,EARTH_SPACE,7,7,7,335,169,0,24,inventory only; curriculum and question-level review required,undetermined; do not subtract unreviewed retrieval leads from the authoring budget
g4-earth_space-weather-instruments-and-components,4,EARTH_SPACE,15,15,15,350,175,0,24,inventory only; curriculum and question-level review required,undetermined; do not subtract unreviewed retrieval leads from the authoring budget
g4-earth_space-weather-charts-and-forecasting,4,EARTH_SPACE,8,8,8,337,171,0,24,inventory only; curriculum and question-level review required,undetermined; do not subtract unreviewed retrieval leads from the authoring budget
g4-earth_space-weather-safety-precautions,4,EARTH_SPACE,32,32,32,515,292,0,24,inventory only; curriculum and question-level review required,undetermined; do not subtract unreviewed retrieval leads from the authoring budget
g4-earth_space-suns-movements-and-shadows,4,EARTH_SPACE,16,15,15,42,15,0,24,inventory only; curriculum and question-level review required,undetermined; do not subtract unreviewed retrieval leads from the authoring budget
g4-earth_space-suns-layers-and-energy,4,EARTH_SPACE,20,21,20,1290,737,0,24,inventory only; curriculum and question-level review required,undetermined; do not subtract unreviewed retrieval leads from the authoring budget
g4-earth_space-science-process-skills,4,EARTH_SPACE,20,20,20,240,119,0,24,inventory only; curriculum and question-level review required,undetermined; do not subtract unreviewed retrieval leads from the authoring budget
g4-earth_space-scientific-surveys,4,EARTH_SPACE,3,3,3,73,39,0,24,inventory only; curriculum and question-level review required,undetermined; do not subtract unreviewed retrieval leads from the authoring budget
g7-earth_space-natural-resources,7,EARTH_SPACE,6,6,6,314,132,0,24,inventory only; curriculum and question-level review required,undetermined; do not subtract unreviewed retrieval leads from the authoring budget
g7-earth_space-locating-places,7,EARTH_SPACE,20,20,20,140,53,0,24,inventory only; curriculum and question-level review required,undetermined; do not subtract unreviewed retrieval leads from the authoring budget
g7-earth_space-solar-energy-and-latitude,7,EARTH_SPACE,6,6,6,1387,760,0,24,inventory only; curriculum and question-level review required,undetermined; do not subtract unreviewed retrieval leads from the authoring budget
g7-earth_space-earths-motions-and-seasons,7,EARTH_SPACE,52,52,52,92,54,0,24,inventory only; curriculum and question-level review required,undetermined; do not subtract unreviewed retrieval leads from the authoring budget
g7-earth_space-atmospheric-layers,7,EARTH_SPACE,22,22,22,152,93,0,24,inventory only; curriculum and question-level review required,undetermined; do not subtract unreviewed retrieval leads from the authoring budget
g7-earth_space-weather-patterns,7,EARTH_SPACE,15,15,15,379,195,0,24,inventory only; curriculum and question-level review required,undetermined; do not subtract unreviewed retrieval leads from the authoring budget
g7-earth_space-earthquakes-and-faults,7,EARTH_SPACE,9,8,8,94,38,0,24,inventory only; curriculum and question-level review required,undetermined; do not subtract unreviewed retrieval leads from the authoring budget
g7-earth_space-earthquake-risks,7,EARTH_SPACE,5,4,4,163,67,0,24,inventory only; curriculum and question-level review required,undetermined; do not subtract unreviewed retrieval leads from the authoring budget
g7-earth_space-earthquake-preparedness,7,EARTH_SPACE,10,10,10,168,69,0,24,inventory only; curriculum and question-level review required,undetermined; do not subtract unreviewed retrieval leads from the authoring budget
g7-earth_space-seismic-waves-and-tsunamis,7,EARTH_SPACE,15,14,14,285,161,0,24,inventory only; curriculum and question-level review required,undetermined; do not subtract unreviewed retrieval leads from the authoring budget
g7-earth_space-shadows-and-eclipses,7,EARTH_SPACE,1,1,1,156,89,0,24,inventory only; curriculum and question-level review required,undetermined; do not subtract unreviewed retrieval leads from the authoring budget
g7-earth_space-climate-change-and-renewables,7,EARTH_SPACE,7,7,7,770,457,0,24,inventory only; curriculum and question-level review required,undetermined; do not subtract unreviewed retrieval leads from the authoring budget
g3-force_motion_energy-sound-sources-and-production,3,FORCE_MOTION_ENERGY,8,8,8,593,301,0,24,inventory only; curriculum and question-level review required,undetermined; do not subtract unreviewed retrieval leads from the authoring budget
g3-force_motion_energy-heat-and-light-sources,3,FORCE_MOTION_ENERGY,13,13,13,2160,1056,0,24,inventory only; curriculum and question-level review required,undetermined; do not subtract unreviewed retrieval leads from the authoring budget
g3-force_motion_energy-light-and-shadows,3,FORCE_MOTION_ENERGY,6,6,6,1140,527,0,24,inventory only; curriculum and question-level review required,undetermined; do not subtract unreviewed retrieval leads from the authoring budget
g3-force_motion_energy-position-and-movement,3,FORCE_MOTION_ENERGY,14,14,14,175,82,0,24,inventory only; curriculum and question-level review required,undetermined; do not subtract unreviewed retrieval leads from the authoring budget
g3-force_motion_energy-harmful-effects,3,FORCE_MOTION_ENERGY,14,14,14,160,77,0,24,inventory only; curriculum and question-level review required,undetermined; do not subtract unreviewed retrieval leads from the authoring budget
g3-force_motion_energy-ways-to-move-objects,3,FORCE_MOTION_ENERGY,7,7,7,751,344,0,24,inventory only; curriculum and question-level review required,undetermined; do not subtract unreviewed retrieval leads from the authoring budget
g3-force_motion_energy-measuring-motion,3,FORCE_MOTION_ENERGY,7,6,6,277,171,0,24,inventory only; curriculum and question-level review required,undetermined; do not subtract unreviewed retrieval leads from the authoring budget
g3-force_motion_energy-ways-of-communicating,3,FORCE_MOTION_ENERGY,10,10,10,55,27,0,24,inventory only; curriculum and question-level review required,undetermined; do not subtract unreviewed retrieval leads from the authoring budget
g3-force_motion_energy-factors-affecting-movement,3,FORCE_MOTION_ENERGY,14,11,11,173,98,0,24,inventory only; curriculum and question-level review required,undetermined; do not subtract unreviewed retrieval leads from the authoring budget
g3-force_motion_energy-electricity-uses-and-safety,3,FORCE_MOTION_ENERGY,6,6,6,608,289,0,24,inventory only; curriculum and question-level review required,undetermined; do not subtract unreviewed retrieval leads from the authoring budget
