left_resource,right_resource,left_title,right_title,shared_pages_at_least_30_words,fraction_of_shorter_pdf_pages
1UPbsteLvFrnT0MLMpO9lAtuAL1VRPcVZ,1UWY-YvYkwdsrY_MVQc6BuHYhryLpgChH,Rimana 1.er Llapanchik yachakushun = Comunicación 1.er Secundaria: Cuaderno de trabajo (MINEDU) PDF,Rimana 1.er Llapanchik yachakushun = Comunicación 1.er Secundaria: Cuaderno de trabajo (MINEDU) PDF,194,0.8151
1EudlmMxn3VyG8Csw-risRdjiS36-OxxU,1k_Z27wCuM8JD1JI4OtNOxPM4I1kkD5HL,Rimana 1.er = Comunicación 1.er Secundaria: Cuaderno de trabajo - Qichwa Chanka (MINEDU) PDF,Rimana 1.er = Comunicación 1.er Secundaria: Cuaderno de trabajo - Qichwa Chanka (MINEDU) PDF,190,0.7917
105Ilgcpvtx7uBVK37UD5c-JwdSVwmpBo,1SNSk1jM4Apv44FGljwX4KgLTkshuq5LR,Rimana 4. = Comunicación 4. Secundaria: Cuaderno de trabajo - Qichwa Chanka (MINEDU) PDF,Rimana 4. = Comunicación 4. Secundaria: Cuaderno de trabajo - Qichwa Chanka (MINEDU) PDF,189,0.7875
198f-4EXeMybepWiLi_CQBPzaXrDc_z50,1YNauAaUKhP3EKUPNnoC5VxJUYBMwP2K8,Rimana 1.er = Comunicación 1.er Cuaderno de trabajo - Qullaw Qichwa - 1.° grado de Primaria (MINEDU) PDF,Rimana 1.er = Comunicación 1.er Cuaderno de trabajo - Qullaw Qichwa - 1.° grado de Primaria (MINEDU) PDF,180,0.4592
1Zz03uhW9TzaxoabDEeml0dKr1RhvK1mh,1fNRUHingVh9b2Y-LZ8HPMv8uaTm9QaAX,Rimana 2. = Comunicación 2. Cuaderno de trabajo - Qullaw Qichwa - 2.° grado de Primaria (MINEDU) PDF,Rimana 2. = Comunicación 2. Cuaderno de trabajo - Qullaw Qichwa - 2.° grado de Primaria (MINEDU) PDF,175,0.4464
1hAAyPZgH3KwsJBct5GQue6gfLiU4jjgG,1zaHU_F8pxCTov6NICeYnVPDgWbmw0tcQ,4. Wiñay qichwa: Qichwata yachakunapaq = Fichas de trabajo: Comunicación - Quechua Central L2 (MINEDU) PDF,4. Wiñay qichwa: Qichwata yachakunapaq = Fichas de trabajo: Comunicación - Quechua Central L2 (MINEDU) PDF,162,0.7941
15SO0B3H6Ew4A0nPvJfo3rzm4jCEegfHH,1IUmfpIk9YKbye0CHyfDBWmoOnnhYZGFl,Rimana 6. kuskalla yachasunchik = Comunicación 6. Cuaderno de trabajo - Quechua Chanka (MINEDU) PDF,Rimana 6. kuskalla yachasunchik = Comunicación 6. Cuaderno de trabajo - Quechua Chanka (MINEDU) PDF,157,0.9128
1QPODhtg00L5nCHBxLILzZrrGy1QR5oXe,1XTqe_hakRx5SLuV0GY3V5d_r4HaM06Da,Markanchikpa willakuyninkuna: literatura - Quechua central - Secundaria (MINEDU) PDF,Biblioteca Quechua Central - literaratura quechua central (MINEDU) PDF,153,0.9329
1Pi1LI-2JgZmcOnRP2O_Qnzclvo14Ovp_,1_s4sM7FBrEN6I95MvFjUjxudSloPStH2,Yachachinapaq shimikuna: vocabulario pedagógico Quechua central - Primaria (MINEDU) PDF,Biblioteca Quechua Central - vocabulario pedagogico quechua central (MINEDU) PDF,152,0.9268
10X27_KpQb2gqxo1edWDRiVuUmowzEjYU,1DVv5yB5PmzMhA6Lyh7UHzvdwC1Yv-yWW,3 Wiñay Qichwa: Qichwata yachakunapaq = Fichas de trabajo: Comunicación - Quechua Central (MINEDU) PDF,3.er Wiñay qichwa: Qichwata yachakunapaq = Fichas de trabajo: Comunicación - Quechua Central L2 (MINEDU) PDF,148,0.7255
13ozOdtIELnye_nDMrN7kfXSb2sCPfNzh,1gQGvOSoXB-zNZxQQ69MALHCqY6KV9U64,Rimana 3.er Kuskalla yachasunchik = Comunicación 3.er Cuaderno de trabajo - Quechua Chanka (MINEDU) PDF,Rimana 3.er Kuskalla yachasunchik = Comunicación 3.er Cuaderno de trabajo - Quechua Chanka (MINEDU) PDF,144,0.8372
10JwskCDMKCJwlaQobRSExIntV_e0nvhU,11ghuMOdKxDK4XKeDhydBLk4Dti8kHHcw,Markanchikpa yachayninkuna: Saberes de los pueblos - Quechua central - Secundaria (MINEDU) PDF,Biblioteca Quechua Central - saberes pueblos quechua central (MINEDU) PDF,137,0.8457
1XHf1mNgXZ_clpzjYXMxlZYs6MhyQYWBY,1_UYCG1UIUIeL9v0p7Uh0CDJkstRBg3Zi,2. Wiñay qichwa: Qichwata yachakunapaq = Fichas de trabajo: Comunicación - Quechua Central L2 (MINEDU) PDF,2. Wiñay qichwa: Qichwata yachakunapaq = Fichas de trabajo: Comunicación - Quechua Central L2 (MINEDU) PDF,125,0.6313
1MeJotpaZmFcU_99CiNyn7ElZfgSWtXTi,1eT9O7IAxrfdj-1gogg1BXnDL_QNfPSoS,Biblioteca Quechua Central - manual escritura lengua quechua central comprimido (MINEDU) PDF,Chawpin qichwata alli qillqanapaq maytu = Manual de escritura Quechua Central - Primaria (MINEDU) PDF,104,0.642
1EnySFWKS-ycQ7uPShfLihMLrZ_TxjAbo,1GrxF_tAjY2E2VInwz6T3SNa8MBzBnC57,Tuikuyninchuk yacakunapaq 5 años = Cuaderno de trabajo y folder de Inicial 5 años - Inkawasi Kañaris (MINEDU) PDF,Tukuyninchik yacakunapaq 5 = Cuaderno de trabajo y folder de Inicial 5 años - Inkawasi - kañaris (MINEDU) PDF,104,0.3852
1I3Ozf-nmU5xis-Ze70V9gbhDOtsvwNgG,1os7YgMOy64WJGe4V40r_rspN1Vwc-hu9,Yachaykuna ruraykuna - 1 Ciclo VI Secundaria - Quechua Central: Saberes y Haceres VI 1 (MINEDU) PDF,Yachaykunawan ruraykuna - 1 Ciclo VI Secundaria - Quechua Collao: Saberes y Haceres VI 1 (MINEDU) PDF,102,0.9107
1_4UpATB5p2vaxzyBJWZ9jzSqg4y9-iH4,1zj-UcjdutJGXO17EI7cyqB1uhSaWjzQk,1.er Wiñay qichwa: Qichwata yachakunapaq = Fichas de trabajo: Comunicación - Quechua Central L2 (MINEDU) PDF,1 Wiñay qichwa: Q qichwata yachakunapaq = Fichas de trabajo: Q Comunicación - Quechua Central (MINEDU) PDF,83,0.4069
1REolF1igGewhh6InLT0zTCZ6ZBKq_ejT,1yCqEz2GB7GiN1mTSRo3BuTuktLYjXXpv,Rimana - 1 - Qichwa Central: Texto de Comunicación del 1 Secundaria - Quechua Central (MINEDU) PDF,Rimana - 1 - Qichwa Central: Texto de Comunicación del 1 Secundaria - Quechua Central (MINEDU) PDF,61,0.6354
18GQk-7dVVftnd3an8LW0jSfDxe_jpuGE,1dgbSX6-GfjA1UViFLOpLIf_b5dvfmYcy,Ñawinchana maytu 1 = Texto de Comunicación del 1. grado de primaria - Quechua Central (MINEDU) PDF,Ñawinchana maytu - 1 - Chawpin qichwa: Texto de Comunicación del 1 Primaria - Quechua Central (MINEDU) PDF,60,0.5357
1chip_WcXAgiVOO16nEi1O6w1XNFD_jJQ,1v-0U4Fh8RotLkCuyVYtcU5V0FIJlBBHi,Rimana - 2 - Qichwa Central: Texto de Comunicación del 2 Secundaria - Quechua Central (MINEDU) PDF,Rimana - 2 - Qichwa Central: Texto de Comunicación del 2 Secundaria - Quechua Central (MINEDU) PDF,56,0.5957
1jbzje_7eZKLpYvgKbaH5yoXcTvOq4xpi,1n1azT2hF54Y_UMXoBU9TO4bGzb-smeVw,Rimana - 3 - Qichwa Central: Texto de Comunicación del 3 Secundaria - Quechua Central (MINEDU) PDF,Rimana - 3 - Qichwa Central: Texto de Comunicación del 3 Secundaria - Quechua Central (MINEDU) PDF,49,0.5104
1faG19xgq88uhr4lrXN8HGzgP5XATVNVW,1heOrHOQtID2-p1kQF8Xd7JYISE3iROp8,Ñawinchana maytu 3 = Texto de Comunicación del 3. grado de primaria - Quechua Central (MINEDU) PDF,Ñawinchana maytu - 3 - Chawpin qichwa: Texto de Comunicación del 3 Primaria - Quechua Central (MINEDU) PDF,48,0.6
1AkAT0grMINZwXze5FHb5SS6T1vmfY1Di,1Qnz8eivjLP5th0hMTVTEDlbF3u2neFMB,Ayllupi Yachasunchik - 1 - Quechua-Collao: Texto de Comunicación del 1 Primaria (MINEDU) PDF,Ayllupi Yachasunchik - 1 - Quechua-Collao: Texto de Comunicación del 1 Primaria (MINEDU) PDF,41,0.3661
1QpjbXZENleMCyfrSlhCoYTxY5IZB2sZk,1Z8fvuxsoOdlS3abSIckFJJHalaNbMfDK,Saberes y Haceres III 1 - Primaria - Quechua Central (MINEDU) PDF,2 Yachaykuna ruraykuna - Quechua central: saberes y haceres III 2 - Primaria - Quechua central (MINEDU) PDF,35,0.3125
1OYTboMjhxSwt51OZFJotRQyMMkQOwNqu,1v6b4-76dS3hs3i1h9ramONdw_KV-hZTW,Rimana - 4 - Urin Qichwa-Chanka: Texto de Comunicación del 4 Secundaria - Quechua Chanka (MINEDU) PDF,Rimana 4 = Texto de Comunicación del 4. grado de secundaria - Quechua Chanka (MINEDU) PDF,31,0.3229
1GxvtcCMD1Xs_ywIHq0UPSfv2ynlYlREU,1WgQbMJ11LtYGu-XN4RTqTwYOZztTheTH,Guía para el docente - Quechua Chanka (Resultados de la Evaluación Censal de Estudiantes 2015) (MINEDU) PDF,Guía para el docente - Quechua Chanka (Resultados de la Evaluación Censal de Estudiantes 2015) (MINEDU) PDF,25,0.8929
1J-EIi4Sb8_-dXeD5sDZIHs7t25GLK7jj,1m6mX1SsExH1G4phe3DtfTHt7J7VUOYxe,Guía para el docente - Quechua Cusco-Collao (Resultados de la Evaluación Censal de Estudiantes 2015) (MINEDU) PDF,Guía para el docente - Quechua Cusco-Collao (Resultados de la Evaluación Censal de Estudiantes 2015) (MINEDU) PDF,22,0.7857
1E9rBE1WzULsSq8Xt_huLFPeFN3L8zoxV,1YZLB3iJiAnxX0H2TVumi9FONey8DT-0a,"Takikuna = Cancionero - Quechua Central, Inicial (MINEDU) PDF",Biblioteca Quechua Central - cancionero quechua central (MINEDU) PDF,11,0.3056
13EZtRuK39fI8bQ4eiZpnNEKz32hRbE-Y,1E9rBE1WzULsSq8Xt_huLFPeFN3L8zoxV,Takikuna = Cancionero - inicial - Quechua Central (MINEDU) PDF,"Takikuna = Cancionero - Quechua Central, Inicial (MINEDU) PDF",11,0.3056
1rYNCd5AvfyqWbhRDD6Lf-3tBozcp59Jy,1rmUUK6XhNxpFC84Mbz8Y5Ee7QVkX6XOb,Wanku 1 - Kichwa San Martín - fichas de trabajo de Lengua originaria como L2 2 (MINEDU) PDF,Wanku 1 - Kichwa San Martín - fichas de trabajo de Lengua originaria como L2 2 (MINEDU) PDF,11,0.6875
13EZtRuK39fI8bQ4eiZpnNEKz32hRbE-Y,1YZLB3iJiAnxX0H2TVumi9FONey8DT-0a,Takikuna = Cancionero - inicial - Quechua Central (MINEDU) PDF,Biblioteca Quechua Central - cancionero quechua central (MINEDU) PDF,10,0.2778
