title,variety_label,grade_candidates,official_pdf_url,discovery_url,retrieval_status
Shumaq Kaway 1 Llapanchik yachakushun = Personal social - Ciencia y tecnología 1 :Cuaderno de trabajo - Chawpi Qichwa,central_unspecified,1,https://repositorio.perueduca.pe/recursos/2022/DEIB22-0189.pdf,https://ugelacomayoprimaria.blogspot.com/2023/03/cuadernos-de-trabajo-eib-general-por.html,security_verification_html
Shumaq Kaway 2 Llapanchik yachakushun = Personal social - Ciencia y tecnología 2 :Cuaderno de trabajo - Chawpi Qichwa,central_unspecified,2,https://repositorio.perueduca.pe/recursos/2022/DEIB22-0190.pdf,https://ugelacomayoprimaria.blogspot.com/2023/03/cuadernos-de-trabajo-eib-general-por.html,security_verification_html
Shumaq Kaway 3 Llapanchik yachakushun = Personal social - Ciencia y tecnología 3 :Cuaderno de trabajo - Chawpi Qichwa,central_unspecified,3,https://repositorio.perueduca.pe/recursos/2022/DEIB22-0191.pdf,https://ugelacomayoprimaria.blogspot.com/2023/03/cuadernos-de-trabajo-eib-general-por.html,security_verification_html
Shumaq Kaway 4 Llapanchik yachakushun = Personal social - Ciencia y tecnología 4 :Cuaderno de trabajo - Chawpi Qichwa,central_unspecified,4,https://repositorio.perueduca.pe/recursos/2022/DEIB22-0192.pdf,https://ugelacomayoprimaria.blogspot.com/2023/03/cuadernos-de-trabajo-eib-general-por.html,security_verification_html
Shumaq Kaway 5 Llapanchik yachakushun = Personal social - Ciencia y tecnología 5 :Cuaderno de trabajo - Chawpi Qichwa,central_unspecified,5,https://repositorio.perueduca.pe/recursos/2022/DEIB22-0193.pdf,https://ugelacomayoprimaria.blogspot.com/2023/03/cuadernos-de-trabajo-eib-general-por.html,security_verification_html
Shumaq Kaway 6 Llapanchik yachakushun = Personal social - Ciencia y tecnología 6 :Cuaderno de trabajo - Chawpi Qichwa,central_unspecified,6,https://repositorio.perueduca.pe/recursos/2022/DEIB22-0194.pdf,https://ugelacomayoprimaria.blogspot.com/2023/03/cuadernos-de-trabajo-eib-general-por.html,security_verification_html
Sumaq kawsay 1 Kuskalla yachasunchik = Personal social - Ciencia y tecnología 1 :Cuaderno de trabajo - - Chanka Qichwa,chanka,1,https://repositorio.perueduca.pe/recursos/2022/DEIB22-0205.pdf,https://ugelacomayoprimaria.blogspot.com/2023/03/cuadernos-de-trabajo-eib-general-por.html,security_verification_html
Sumaq kawsay 2 Kuskalla yachasunchik = Personal social - Ciencia y tecnología 2 :Cuaderno de trabajo - - Chanka Qichwa,chanka,2,https://repositorio.perueduca.pe/recursos/2022/DEIB22-0206.pdf,https://ugelacomayoprimaria.blogspot.com/2023/03/cuadernos-de-trabajo-eib-general-por.html,security_verification_html
Sumaq kawsay 3 Kuskalla yachasunchik = Personal social - Ciencia y tecnología 3 :Cuaderno de trabajo - - Chanka Qichwa,chanka,3,https://repositorio.perueduca.pe/recursos/2022/DEIB22-0207.pdf,https://ugelacomayoprimaria.blogspot.com/2023/03/cuadernos-de-trabajo-eib-general-por.html,security_verification_html
Sumaq kawsay 4 Kuskalla yachasunchik = Personal social - Ciencia y tecnología 4 :Cuaderno de trabajo - - Chanka Qichwa,chanka,4,https://repositorio.perueduca.pe/recursos/2022/DEIB22-0208.pdf,https://ugelacomayoprimaria.blogspot.com/2023/03/cuadernos-de-trabajo-eib-general-por.html,security_verification_html
Sumaq kawsay 5 Kuskalla yachasunchik = Personal social - Ciencia y tecnología 5 :Cuaderno de trabajo - - Chanka Qichwa,chanka,5,https://repositorio.perueduca.pe/recursos/2022/DEIB22-0209.pdf,https://ugelacomayoprimaria.blogspot.com/2023/03/cuadernos-de-trabajo-eib-general-por.html,security_verification_html
Sumaq kawsay 6 Kuskalla yachasunchik = Personal social - Ciencia y tecnología 6 :Cuaderno de trabajo - - Chanka Qichwa,chanka,6,https://repositorio.perueduca.pe/recursos/2022/DEIB22-0210.pdf,https://ugelacomayoprimaria.blogspot.com/2023/03/cuadernos-de-trabajo-eib-general-por.html,security_verification_html
Shumaq kwasay 1 Pulla yacakushun = Personal social - Ciencia y tecnología 1 :Cuaderno de trabajo - Inkawasi - kañaris Quechua,inkawasi_kanaris,1,https://repositorio.perueduca.pe/recursos/2022/DEIB22-0235.pdf,https://ugelacomayoprimaria.blogspot.com/2023/03/cuadernos-de-trabajo-eib-general-por.html,security_verification_html
Shumaq kwasay 2 Pulla yacakushun = Personal social - Ciencia y tecnología 2 :Cuaderno de trabajo - Inkawasi - kañaris Quechua,inkawasi_kanaris,2,https://repositorio.perueduca.pe/recursos/2022/DEIB22-0236.pdf,https://ugelacomayoprimaria.blogspot.com/2023/03/cuadernos-de-trabajo-eib-general-por.html,security_verification_html
Shumaq kwasay 3 Pulla yacakushun = Personal social - Ciencia y tecnología 3 :Cuaderno de trabajo - Inkawasi - kañaris Quechua,inkawasi_kanaris,3,https://repositorio.perueduca.pe/recursos/2022/DEIB22-0237.pdf,https://ugelacomayoprimaria.blogspot.com/2023/03/cuadernos-de-trabajo-eib-general-por.html,security_verification_html
Shumaq kwasay 4 Pulla yacakushun = Personal social - Ciencia y tecnología 4 :Cuaderno de trabajo - Inkawasi - kañaris Quechua,inkawasi_kanaris,4,https://repositorio.perueduca.pe/recursos/2022/DEIB22-0238.pdf,https://ugelacomayoprimaria.blogspot.com/2023/03/cuadernos-de-trabajo-eib-general-por.html,security_verification_html
Shumaq kwasay 5 Pulla yacakushun = Personal social - Ciencia y tecnología 5 :Cuaderno de trabajo - Inkawasi - kañaris Quechua,inkawasi_kanaris,5,https://repositorio.perueduca.pe/recursos/2022/DEIB22-0239.pdf,https://ugelacomayoprimaria.blogspot.com/2023/03/cuadernos-de-trabajo-eib-general-por.html,security_verification_html
Shumaq kwasay 6 Pulla yacakushun = Personal social - Ciencia y tecnología 6 :Cuaderno de trabajo - Inkawasi - kañaris Quechua,inkawasi_kanaris,6,https://repositorio.perueduca.pe/recursos/2022/DEIB22-0240.pdf,https://ugelacomayoprimaria.blogspot.com/2023/03/cuadernos-de-trabajo-eib-general-por.html,security_verification_html
