# JP1 JamboPhone_JP1_V1.0_20240315, serial JP12024042902104, captured 2026-09-25T11:38Z
package	kind	enabled	launcher	version	path
com.android.vending	system	yes	yes	53.3.21-31 [0] [PR] 986224237	/data/app/~~QRHZ7GNivTmi3JJw59To6Q==/com.android.vending-ufut5ie5F1sLQ79I0hKCEw==/base.apk
com.google.android.apps.restore	system	yes	no	1.0.979797872	/data/app/~~LneD5oOXOTwVNxR_gosYmQ==/com.google.android.apps.restore-E9MxDrRVwZmEEEJn5LplGw==/base.apk
com.google.android.apps.youtube.music	system	yes	yes	9.38.51	/data/app/~~EXd7kGG4dwOgnWiu9temUg==/com.google.android.apps.youtube.music-FhHFp9EcmJy4eAwd89f6BA==/base.apk
com.google.android.gms	system	yes	no	26.34.36 (190400-981326859)	/data/app/~~GT7VDKak3eZHNlDfE_NNew==/com.google.android.gms-jzw0q8m7T8wyR6HyZm03kg==/base.apk
com.google.android.youtube	system	yes	yes	21.37.44	/data/app/~~k144KBOrowdI6YUN9AeIug==/com.google.android.youtube-ctA4dOOoEzn23LnZMrhEQA==/base.apk
android	system	yes	no	13	/system/framework/framework-res.apk
android.auto_generated_rro_product__	system	yes	no	1.0	/product/overlay/framework-res__auto_generated_rro_product.apk
android.overlay.bluetoothres	system	yes	no	13	/vendor/overlay/AospBtOverlay/AospBtOverlay.apk
android.overlay.framework	system	yes	no	13	/product/overlay/FrameworkResOverlay.apk
android.overlay.multiuser	system	yes	no	13	/vendor/overlay/MultiuserOverlays.apk
android.overlay.navbar	system	yes	no	13	/product/overlay/framework-res_navbar_rro.apk
android.unisoc_framework_res.overlay	system	yes	no	13	/vendor/overlay/unisoc_overlay_frameworks_res.apk
app.backpack.mobile	preinstalled-user	yes	yes	1.9.10	/system/preloadapp/backpack/backpack.apk
coin98.crypto.finance.media	preinstalled-user	yes	yes	14.4.2	/system/preloadapp/coin98/coin98.apk
com.android.backupconfirm	system	yes	no	13	/system/priv-app/BackupRestoreConfirmation/BackupRestoreConfirmation.apk
com.android.bips	system	yes	no	13	/system/priv-app/BuiltInPrintService/BuiltInPrintService.apk
com.android.bluetooth	system	yes	no	13	/apex/com.android.btservices/app/Bluetooth@TP1A.220624.014/Bluetooth.apk
com.android.bluetoothmidiservice	system	yes	no	13	/system/app/BluetoothMidiService/BluetoothMidiService.apk
com.android.bookmarkprovider	system	yes	no	13	/system/app/BookmarkProvider/BookmarkProvider.apk
com.android.calllogbackup	system	yes	no	13	/system/priv-app/CallLogBackup/CallLogBackup.apk
com.android.camera2	system	yes	yes	13	/system_ext/app/DreamCamera2/DreamCamera2.apk
com.android.cameraextensions	system	yes	no	13	/system/app/CameraExtensionsProxy/CameraExtensionsProxy.apk
com.android.carrierconfig	system	yes	no	1.0.0	/system_ext/priv-app/CarrierConfig/CarrierConfig.apk
com.android.carrierdefaultapp	system	yes	no	13	/system/app/CarrierDefaultApp/CarrierDefaultApp.apk
com.android.cellbroadcastreceiver	system	yes	no	R-initial	/system/priv-app/CellBroadcastLegacyApp/CellBroadcastLegacyApp.apk
com.android.certinstaller	system	yes	no	13	/system/app/CertInstaller/CertInstaller.apk
com.android.chrome	system	yes	yes	114.0.5735.60	/product/app/Chrome/Chrome.apk
com.android.companiondevicemanager	system	yes	no	13	/system/app/CompanionDeviceManager/CompanionDeviceManager.apk
com.android.cts.ctsshim	system	yes	no	13-8572644	/apex/com.android.apex.cts.shim/app/CtsShim@1/CtsShim.apk
com.android.cts.priv.ctsshim	system	yes	no	13-8572644	/apex/com.android.apex.cts.shim/priv-app/CtsShimPriv@1/CtsShimPriv.apk
com.android.dreams.basic	system	yes	no	13	/system/app/BasicDreams/BasicDreams.apk
com.android.dreams.phototable	system	yes	no	13	/product/app/PhotoTable/PhotoTable.apk
com.android.dynsystem	system	yes	no	13	/system/priv-app/DynamicSystemInstallationService/DynamicSystemInstallationService.apk
com.android.egg	system	yes	no	1.0	/system/app/EasterEgg/EasterEgg.apk
com.android.emergency	system	yes	no	13	/system_ext/priv-app/EmergencyInfoGms/EmergencyInfoGms.apk
com.android.emergency.auto_generated_rro_product__	system	yes	no	1.0	/product/overlay/EmergencyInfo__auto_generated_rro_product.apk
com.android.externalstorage	system	yes	no	13	/system/priv-app/ExternalStorageProvider/ExternalStorageProvider.apk
com.android.fmradio	system	yes	yes	2.0	/system_ext/app/DreamFMRadio/DreamFMRadio.apk
com.android.gallery3d	system	yes	no	1.1.40030	/system_ext/app/USCPhotoEdit_prebuilt/USCPhotoEdit_prebuilt.apk
com.android.htmlviewer	system	yes	no	13	/system/app/HTMLViewer/HTMLViewer.apk
com.android.imsserviceentitlement	system	yes	no	13	/product/priv-app/ImsServiceEntitlement/ImsServiceEntitlement.apk
com.android.inputdevices	system	yes	no	13	/system/priv-app/InputDevices/InputDevices.apk
com.android.internal.display.cutout.emulation.corner	system	yes	no	1.0	/product/overlay/DisplayCutoutEmulationCorner/DisplayCutoutEmulationCornerOverlay.apk
com.android.internal.display.cutout.emulation.double	system	yes	no	1.0	/product/overlay/DisplayCutoutEmulationDouble/DisplayCutoutEmulationDoubleOverlay.apk
com.android.internal.display.cutout.emulation.hole	system	yes	no	1.0	/product/overlay/DisplayCutoutEmulationHole/DisplayCutoutEmulationHoleOverlay.apk
com.android.internal.display.cutout.emulation.tall	system	yes	no	1.0	/product/overlay/DisplayCutoutEmulationTall/DisplayCutoutEmulationTallOverlay.apk
com.android.internal.display.cutout.emulation.waterfall	system	yes	no	1.0	/product/overlay/DisplayCutoutEmulationWaterfall/DisplayCutoutEmulationWaterfallOverlay.apk
com.android.internal.systemui.navbar.gestural	system	yes	no	1.0	/product/overlay/NavigationBarModeGestural/NavigationBarModeGesturalOverlay.apk
com.android.internal.systemui.navbar.gestural_extra_wide_back	system	yes	no	1.0	/product/overlay/NavigationBarModeGesturalExtraWideBack/NavigationBarModeGesturalOverlayExtraWideBack.apk
com.android.internal.systemui.navbar.gestural_narrow_back	system	yes	no	1.0	/product/overlay/NavigationBarModeGesturalNarrowBack/NavigationBarModeGesturalOverlayNarrowBack.apk
com.android.internal.systemui.navbar.gestural_wide_back	system	yes	no	1.0	/product/overlay/NavigationBarModeGesturalWideBack/NavigationBarModeGesturalOverlayWideBack.apk
com.android.internal.systemui.navbar.threebutton	system	yes	no	1.0	/product/overlay/NavigationBarMode3Button/NavigationBarMode3ButtonOverlay.apk
com.android.keychain	system	yes	no	13	/system/app/KeyChain/KeyChain.apk
com.android.launcher3	system	yes	no	13	/system_ext/priv-app/SearchLauncherQuickStep/SearchLauncherQuickStep.apk
com.android.localtransport	system	yes	no	13	/system/priv-app/LocalTransport/LocalTransport.apk
com.android.location.fused	system	yes	no	13	/system/priv-app/FusedLocation/FusedLocation.apk
com.android.managedprovisioning	system	yes	no	13	/system/priv-app/ManagedProvisioning/ManagedProvisioning.apk
com.android.mms.service	system	yes	no	13	/system/priv-app/MmsService/MmsService.apk
com.android.mtp	system	yes	no	13	/system/priv-app/MtpService/MtpService.apk
com.android.musicfx	system	yes	no	1.4	/system/priv-app/MusicFX/MusicFX.apk
com.android.networkstack.overlay	system	yes	no	13	/vendor/overlay/NetworkStackOverlayGsi.apk
com.android.networkstack.tethering.overlay	system	yes	no	13	/vendor/overlay/TetheringConfigOverlayGsi.apk
com.android.nfc	system	no	no	13	/system/app/NfcNci/NfcNci.apk
com.android.ons	system	yes	no	13	/system/priv-app/ONS/ONS.apk
com.android.overlay.wallpaperconfig	system	yes	no	1.0	/product/overlay/WallpaperOverlay.apk
com.android.pacprocessor	system	yes	no	13	/system/app/PacProcessor/PacProcessor.apk
com.android.phone	system	yes	no	13	/system/priv-app/TeleService/TeleService.apk
com.android.phone.auto_generated_rro_product__	system	yes	no	1.0	/product/overlay/TeleService__auto_generated_rro_product.apk
com.android.phone.injection	system	yes	no	13	/product/overlay/TeleServiceOverlay.apk
com.android.printspooler	system	yes	no	13	/system/app/PrintSpooler/PrintSpooler.apk
com.android.providers.blockednumber	system	yes	no	13	/system/priv-app/BlockedNumberProvider/BlockedNumberProvider.apk
com.android.providers.calendar	system	yes	no	13	/system_ext/priv-app/SprdCalendarProviderPrebuilt/SprdCalendarProviderPrebuilt.apk
com.android.providers.contacts	system	yes	no	13	/system_ext/priv-app/SprdContactsProvider/SprdContactsProvider.apk
com.android.providers.downloads	system	yes	no	13	/system/priv-app/DownloadProvider/DownloadProvider.apk
com.android.providers.downloads.ui	system	yes	no	13	/system/priv-app/DownloadProviderUi/DownloadProviderUi.apk
com.android.providers.media	system	yes	no	13	/system/priv-app/MediaProviderLegacy/MediaProviderLegacy.apk
com.android.providers.partnerbookmarks	system	yes	no	13	/system/app/PartnerBookmarksProvider/PartnerBookmarksProvider.apk
com.android.providers.settings	system	yes	no	13	/system/priv-app/SettingsProvider/SettingsProvider.apk
com.android.providers.settings.auto_generated_rro_product__	system	yes	no	1.0	/product/overlay/SettingsProvider__auto_generated_rro_product.apk
com.android.providers.telephony	system	yes	no	13	/system/priv-app/TelephonyProvider/TelephonyProvider.apk
com.android.providers.userdictionary	system	yes	no	13	/system/priv-app/UserDictionaryProvider/UserDictionaryProvider.apk
com.android.proxyhandler	system	yes	no	13	/system/priv-app/ProxyHandler/ProxyHandler.apk
com.android.remoteprovisioner	system	yes	no	13	/system_ext/priv-app/RemoteProvisioner/RemoteProvisioner.apk
com.android.screenshot	system	yes	no	13	/system/priv-app/Screenshot/Screenshot.apk
com.android.se	system	yes	no	13	/system/app/SecureElement/SecureElement.apk
com.android.server.telecom	system	yes	no	13	/system/priv-app/Telecom/Telecom.apk
com.android.server.telecom.auto_generated_rro_product__	system	yes	no	1.0	/product/overlay/Telecom__auto_generated_rro_product.apk
com.android.settings	system	yes	yes	13	/system_ext/priv-app/Settings/Settings.apk
com.android.settings.auto_generated_rro_product__	system	yes	no	1.0	/product/overlay/Settings__auto_generated_rro_product.apk
com.android.settings.auto_generated_rro_vendor__	system	yes	no	1.0	/vendor/overlay/Settings__auto_generated_rro_vendor.apk
com.android.settings.intelligence	system	yes	no	13	/product/priv-app/SettingsIntelligence/SettingsIntelligence.apk
com.android.sharedstoragebackup	system	yes	no	13	/system/priv-app/SharedStorageBackup/SharedStorageBackup.apk
com.android.shell	system	yes	no	13	/system/priv-app/Shell/Shell.apk
com.android.simappdialog	system	yes	no	13	/system/app/SimAppDialog/SimAppDialog.apk
com.android.smspush	system	yes	no	13	/system_ext/app/WAPPushManager/WAPPushManager.apk
com.android.soundpicker	system	yes	no	13	/system/priv-app/SoundPicker/SoundPicker.apk
com.android.soundrecorder	system	yes	yes	13	/system_ext/app/DreamSoundRecorder/DreamSoundRecorder.apk
com.android.stk	system	yes	no	13	/system_ext/app/UnisocStk/UnisocStk.apk
com.android.storagemanager	system	yes	no	13	/system_ext/priv-app/StorageManager/StorageManager.apk
com.android.storagemanager.auto_generated_rro_product__	system	yes	no	1.0	/product/overlay/StorageManager__auto_generated_rro_product.apk
com.android.systemui	system	yes	no	13	/system_ext/priv-app/SystemUI/SystemUI.apk
com.android.systemui.auto_generated_rro_product__	system	yes	no	1.0	/product/overlay/SystemUI__auto_generated_rro_product.apk
com.android.theme.font.notoserifsource	system	yes	no	1.0	/product/overlay/FontNotoSerifSource/FontNotoSerifSourceOverlay.apk
com.android.traceur	system	yes	no	1.0	/system/app/Traceur/Traceur.apk
com.android.traceur.auto_generated_rro_product__	system	yes	no	1.0	/product/overlay/Traceur__auto_generated_rro_product.apk
com.android.unisoc.telephony.server	system	yes	no	13	/system_ext/priv-app/radio_interactor_service/radio_interactor_service.apk
com.android.vpndialogs	system	yes	no	13	/system/priv-app/VpnDialogs/VpnDialogs.apk
com.android.wallpaper	system	yes	no	13	/system_ext/priv-app/ThemePicker/ThemePicker.apk
com.android.wallpaper.auto_generated_rro_product__	system	yes	no	1.0	/product/overlay/ThemePicker__auto_generated_rro_product.apk
com.android.wallpaper.livepicker	system	yes	no	13	/system/priv-app/LiveWallpapersPicker/LiveWallpapersPicker.apk
com.android.wallpaperbackup	system	yes	no	13	/system/app/WallpaperBackup/WallpaperBackup.apk
com.android.wallpapercropper	system	yes	no	13	/system_ext/priv-app/WallpaperCropper/WallpaperCropper.apk
com.android.wifi.resources.uni_marlin3	system	yes	no	1.0	/vendor/overlay/AospWifiOverlay_Marlin3/AospWifiOverlay_Marlin3.apk
com.android.wifi.resources.uni_marlin3.mainline	system	yes	no	1.0	/vendor/overlay/AospWifiOverlay_Marlin3_Mainline/AospWifiOverlay_Marlin3_Mainline.apk
com.android.wifi.unidialog	system	yes	no	13	/system_ext/priv-app/UniWifiDialog/UniWifiDialog.apk
com.android.wifi.uniresources	system	yes	no	S	/system_ext/priv-app/ServiceUniWifiResources/ServiceUniWifiResources.apk
com.android.wifi.uniresources.marlin3	system	yes	no	1.0	/vendor/overlay/UniWifiOverlay_Marlin3/UniWifiOverlay_Marlin3.apk
com.android.wifimacsettings	system	yes	no	1.0	/system/priv-app/WifiMacSettings/WifiMacSettings.apk
com.aptoslabs.petra.wallet	preinstalled-user	yes	yes	1.1.1	/system/preloadapp/com.aptoslabs.petra.wallet_115/com.aptoslabs.petra.wallet_115.apk
com.einnovation.temu	preinstalled-user	yes	yes	2.43.0	/system/preloadapp/temu_2211/temu_2211.apk
com.google.android.adservices.api	system	yes	no	13-10315947	/apex/com.android.adservices/priv-app/AdServicesApkGoogle@331920180/AdServicesApkGoogle.apk
com.google.android.apps.adm	system	yes	yes	2.5.035-4	/product/priv-app/FindMyDevice/FindMyDevice.apk
com.google.android.apps.docs	system	yes	yes	2.23.377.2.all.alldpi	/product/app/Drive/Drive.apk
com.google.android.apps.googleassistant	system	yes	yes	0.1.474378801	/product/priv-app/AssistantShell/AssistantShell.apk
com.google.android.apps.maps	system	yes	yes	11.99.0500	/product/app/Maps/Maps.apk
com.google.android.apps.messaging	system	yes	yes	messages.android_20230912_01_RC01.phone_dynamic	/product/priv-app/Messages/Messages.apk
com.google.android.apps.nbu.files	system	yes	yes	1.70.515599993	/product/priv-app/FilesGoogle/FilesGoogle.apk
com.google.android.apps.photos	system	yes	yes	6.55.0.568344569	/product/app/Photos/Photos.apk
com.google.android.apps.safetyhub	system	yes	yes	2023.04.27.533067153.release_gms	/product/priv-app/PersonalSafety/PersonalSafety.apk
com.google.android.apps.tachyon	system	yes	yes	211.0.566141806.duo.android_20230917.14_p0	/product/app/Meet/Meet.apk
com.google.android.apps.turbo	system	yes	no	1.26.0.530234286.release	/product/priv-app/Turbo/Turbo.apk
com.google.android.apps.wellbeing	system	yes	no	1.6.551070056 (529557)	/product/priv-app/Wellbeing/Wellbeing.apk
com.google.android.as	system	yes	no	T.29.playstore.oemfull.551304676	/product/priv-app/AndroidSystemIntelligence_Features/AndroidSystemIntelligence_Features.apk
com.google.android.as.oss	system	yes	no	1.0.release.529494121	/product/priv-app/PrivateComputeServices/PrivateComputeServices.apk
com.google.android.calculator	system	yes	yes	8.4.1 (520193683)	/product/app/CalculatorGoogle/CalculatorGoogle.apk
com.google.android.calendar	system	yes	yes	2023.32.1-554466968-release	/product/app/CalendarGoogle/CalendarGoogle.apk
com.google.android.captiveportallogin	system	yes	no	aml_net_331610000	/system/app/CaptivePortalLoginGoogle/CaptivePortalLoginGoogle.apk
com.google.android.cellbroadcastreceiver	system	yes	no	R-initial	/apex/com.android.cellbroadcast/priv-app/GoogleCellBroadcastApp@331910000/GoogleCellBroadcastApp.apk
com.google.android.cellbroadcastservice	system	yes	no	R-initial	/apex/com.android.cellbroadcast/priv-app/GoogleCellBroadcastServiceModule@331910000/GoogleCellBroadcastServiceModule.apk
com.google.android.configupdater	system	yes	no	13-9471438	/product/priv-app/ConfigUpdater/ConfigUpdater.apk
com.google.android.connectivity.resources	system	yes	no	S-initial	/apex/com.android.tethering/priv-app/ServiceConnectivityResourcesGoogle@331910040/ServiceConnectivityResourcesGoogle.apk
com.google.android.contacts	system	yes	yes	4.18.23.567376267	/product/app/GoogleContacts/GoogleContacts.apk
com.google.android.deskclock	system	yes	yes	7.5 (551400242)	/product/app/DeskClockGoogle/DeskClockGoogle.apk
com.google.android.dialer	system	yes	yes	118.0.582439719	/product/priv-app/GoogleDialer/GoogleDialer.apk
com.google.android.documentsui	system	yes	no	t_frc_doc_330543000	/system/priv-app/DocumentsUIGoogle/DocumentsUIGoogle.apk
com.google.android.ext.services	system	yes	no	aml_ext_331814220	/apex/com.android.extservices/priv-app/GoogleExtServices@331814220/GoogleExtServices.apk
com.google.android.ext.shared	system	yes	no	1	/system/app/GoogleExtShared/GoogleExtShared.apk
com.google.android.feedback	system	yes	no	13-9471438	/system_ext/priv-app/GoogleFeedback/GoogleFeedback.apk
com.google.android.gm	system	yes	yes	2023.09.17.567125956.Release	/product/app/Gmail2/Gmail2.apk
com.google.android.gms.location.history	system	yes	no	1.2	/product/app/GoogleLocationHistory/GoogleLocationHistory.apk
com.google.android.gms.supervision	system	no	no	0.1.453788429	/product/priv-app/FamilyLinkParentalControls/FamilyLinkParentalControls.apk
com.google.android.gmsintegration	system	yes	no	13	/system_ext/app/GmsIntegrationExpress/GmsIntegrationExpress.apk
com.google.android.googlequicksearchbox	system	yes	yes	14.39.39.28.arm64	/product/priv-app/Velvet/Velvet.apk
com.google.android.gsf	system	yes	no	13-8768315	/system_ext/priv-app/GoogleServicesFramework/GoogleServicesFramework.apk
com.google.android.hotspot2.osulogin	system	yes	no	13-10270279	/apex/com.android.wifi/app/OsuLoginGoogle@331910020/OsuLoginGoogle.apk
com.google.android.ims	system	yes	no	carrierservices.android_20230522_00_RC00.phone	/product/priv-app/CarrierServices/CarrierServices.apk
com.google.android.inputmethod.latin	system	yes	no	13.3.06.551538635-release-arm64-v8a	/product/app/LatinImeGoogle/LatinImeGoogle.apk
com.google.android.keep	system	yes	yes	5.23.382.03.90	/product/app/Keep/Keep.apk
com.google.android.marvin.talkback	system	yes	no	14.0.0.562957504	/product/app/talkback/talkback.apk
com.google.android.modulemetadata	system	yes	no	2023-07-01 S+	/product/app/com.google.android.modulemetadata/com.google.android.modulemetadata.apk
com.google.android.nearby.halfsheet	system	yes	no	13-10224731	/apex/com.android.tethering/app/HalfSheetUXGoogle@331910040/HalfSheetUXGoogle.apk
com.google.android.networkstack	system	yes	no	aml_net_331910030	/system/priv-app/NetworkStackGoogle/NetworkStackGoogle.apk
com.google.android.networkstack.overlay	system	yes	no	13	/vendor/overlay/NetworkStackOverlay.apk
com.google.android.networkstack.tethering	system	yes	no	13-10224731	/apex/com.android.tethering/priv-app/TetheringGoogle@331910040/TetheringGoogle.apk
com.google.android.networkstack.tethering.overlay	system	yes	no	13	/vendor/overlay/TetheringConfigOverlay.apk
com.google.android.ondevicepersonalization.services	system	yes	no	T-initial	/apex/com.android.ondevicepersonalization/app/OnDevicePersonalizationGoogle@330442040/OnDevicePersonalizationGoogle.apk
com.google.android.onetimeinitializer	system	yes	no	13-8768315	/product/priv-app/GoogleOneTimeInitializer/GoogleOneTimeInitializer.apk
com.google.android.overlay.gmsconfig.asi	system	yes	no	1.0	/product/overlay/GmsConfigOverlayASI.apk
com.google.android.overlay.gmsconfig.common	system	yes	no	1.0	/product/overlay/GmsConfigOverlayCommon.apk
com.google.android.overlay.gmsconfig.comms	system	yes	no	1.0	/product/overlay/GmsConfigOverlayComms.apk
com.google.android.overlay.gmsconfig.deskclock	system	yes	no	1.0	/product/overlay/GmsConfigOverlayDeskClockGoogle.apk
com.google.android.overlay.gmsconfig.geotz	system	yes	no	1.0	/product/overlay/GmsConfigOverlayGeotz.apk
com.google.android.overlay.gmsconfig.gsa	system	yes	no	1.0	/product/overlay/GmsConfigOverlayGSA.apk
com.google.android.overlay.gmsconfig.personalsafety	system	yes	no	1.0	/product/overlay/GmsConfigOverlayPersonalSafety.apk
com.google.android.overlay.gmsconfig.photos	system	yes	no	1.0	/product/overlay/GmsConfigOverlayPhotos.apk
com.google.android.overlay.gmsconfig.searchlauncherqs	system	yes	no	1.0	/system_ext/overlay/GmsConfigOverlaySearchLauncherQuickStep.apk
com.google.android.overlay.modules.captiveportallogin.forframework	system	yes	no	1.0	/product/overlay/CaptivePortalLoginFrameworkOverlay.apk
com.google.android.overlay.modules.documentsui	system	yes	no	1.0	/product/overlay/GoogleDocumentsUIOverlay.apk
com.google.android.overlay.modules.ext.services	system	yes	no	1.0	/product/overlay/GoogleExtServicesConfigOverlay.apk
com.google.android.overlay.modules.modulemetadata.forframework	system	yes	no	1.0	/product/overlay/ModuleMetadataGoogleOverlay.apk
com.google.android.overlay.modules.permissioncontroller	system	yes	no	1.0	/product/overlay/GooglePermissionControllerOverlay.apk
com.google.android.overlay.modules.permissioncontroller.forframework	system	yes	no	1.0	/product/overlay/GooglePermissionControllerFrameworkOverlay.apk
com.google.android.packageinstaller	system	yes	no	13-9592525	/system/priv-app/GooglePackageInstaller/GooglePackageInstaller.apk
com.google.android.partnersetup	system	yes	no	100.448391512	/product/priv-app/GooglePartnerSetup/GooglePartnerSetup.apk
com.google.android.permissioncontroller	system	yes	no	aml_per_331913010	/apex/com.android.permission/priv-app/GooglePermissionController@331913010/GooglePermissionController.apk
com.google.android.printservice.recommendation	system	yes	no	1.3.0	/system/app/GooglePrintRecommendationService/GooglePrintRecommendationService.apk
com.google.android.projection.gearhead	system	yes	no	1.2.526000-stub	/product/priv-app/AndroidAutoStub/AndroidAutoStub.apk
com.google.android.providers.media.module	system	yes	no	13-10111138	/apex/com.android.mediaprovider/priv-app/MediaProviderGoogle@331918000/MediaProviderGoogle.apk
com.google.android.safetycenter.resources	system	yes	no	33 system image	/apex/com.android.permission/priv-app/GoogleSafetyCenterResources@331913010/GoogleSafetyCenterResources.apk
com.google.android.sdksandbox	system	yes	no	T-initial	/apex/com.android.adservices/app/SdkSandboxGoogle@331920180/SdkSandboxGoogle.apk
com.google.android.setupwizard	system	yes	no	233.517103911	/system_ext/priv-app/SetupWizard/SetupWizard.apk
com.google.android.tag	system	yes	no	1.1	/system/priv-app/TagGoogle/TagGoogle.apk
com.google.android.tts	system	yes	no	googletts.google-speech-apk_20230904.02_p1.563876699	/product/app/SpeechServicesByGoogle/SpeechServicesByGoogle.apk
com.google.android.uwb.resources	system	yes	no	T-initial	/apex/com.android.uwb/priv-app/ServiceUwbResourcesGoogle@331910010/ServiceUwbResourcesGoogle.apk
com.google.android.videos	system	yes	yes	4.39.1159.564773297.3-release	/product/app/Videos/Videos.apk
com.google.android.webview	system	yes	no	114.0.5735.60	/product/app/WebViewGoogle/WebViewGoogle.apk
com.google.android.wifi.dialog	system	yes	no	13-10270279	/apex/com.android.wifi/app/WifiDialogGoogle@331910020/WifiDialogGoogle.apk
com.google.android.wifi.resources	system	yes	no	R-initial	/apex/com.android.wifi/priv-app/ServiceWifiResourcesGoogle@331910020/ServiceWifiResourcesGoogle.apk
com.google.mainline.adservices	system	yes	no	2023-07-01 T+	/product/app/com.google.mainline.adservices/com.google.mainline.adservices.apk
com.google.mainline.telemetry	system	yes	no	2023-07-01 S+	/product/app/com.google.mainline.telemetry/com.google.mainline.telemetry.apk
com.jambo	system	yes	yes	2.0.13	/system/app/com.jambo_42/com.jambo_42.apk
com.matr1x.fire	preinstalled-user	yes	yes	0.4.1	/system/preloadapp/io.matr1x.fire_297/io.matr1x.fire_297.apk
com.mediatek.batterywarning	system	yes	no	13	/system/priv-app/BatteryWarning/BatteryWarning.apk
com.metamerge.xyz	preinstalled-user	yes	yes	1.2.9	/system/preloadapp/metamerge/metamerge.apk
com.mobilecoin.moby	preinstalled-user	yes	yes	1.3.1826	/system/preloadapp/com.mobilecoin.moby_1686/com.mobilecoin.moby_1686.apk
com.mysticgames.cov	preinstalled-user	yes	yes	0.4.5	/system/preloadapp/com.mysticgames.cov_307061912/com.mysticgames.cov_307061912.apk
com.sprd.cameracalibration	system	yes	no	1.0	/system_ext/app/CameraCalibration/CameraCalibration.apk
com.sprd.camta	system	yes	no	1.0	/system_ext/app/CamTa/CamTa.apk
com.sprd.engineermode	system	yes	no	2.0	/system_ext/app/EngineerMode/EngineerMode.apk
com.sprd.linkturbo	system	yes	no	13	/system_ext/app/LinkTurbo/LinkTurbo.apk
com.sprd.logmanager	system	yes	no	2.0	/vendor/app/LogManager/LogManager.apk
com.sprd.omacp	system	yes	no	1.0	/system_ext/priv-app/OmacpPrebuilt/OmacpPrebuilt.apk
com.sprd.powersavemodelauncher	system	no	no	13	/system_ext/priv-app/PowerSaveModeLauncherPrebuilt/PowerSaveModeLauncherPrebuilt.apk
com.sprd.providers.photos	system	yes	no	13	/system_ext/app/USCPhotosProvider/USCPhotosProvider.apk
com.sprd.srmi	system	yes	no	13	/system_ext/priv-app/Srmi/Srmi.apk
com.sprd.uasetting	system	yes	no	1.0	/vendor/app/UASetting/UASetting.apk
com.sprd.validationtools	system	yes	no	1.0	/system_ext/app/ValidationTools/ValidationTools.apk
com.spreadtrum.ims	system	yes	no	13	/system_ext/priv-app/ims/ims.apk
com.spreadtrum.proxy.nfwlocation	system	yes	no	13	/vendor/app/ProxyNFwLocation/ProxyNFwLocation.apk
com.spreadtrum.sgps	system	yes	no	1.0	/system_ext/app/SGPS/SGPS.apk
com.teksun.factorytest	system	yes	no	13	/system/priv-app/FactoryTest/FactoryTest.apk
com.tencent.soter.soterserver	system	yes	no	2.6.0	/system_ext/app/SoterService/SoterService.apk
com.twitter.android	preinstalled-user	yes	yes	10.29.0-release.0	/system/preloadapp/com.twitter.android_310110000/com.twitter.android_310110000.apk
com.unisoc	system	yes	no	13	/system_ext/framework/unisoc-res.apk
com.unisoc.auto_generated_rro_product__	system	yes	no	1.0	/product/overlay/unisoc-res__auto_generated_rro_product.apk
com.unisoc.enginecore	system	yes	no	2.0.0	/system_ext/priv-app/AIEngineService/AIEngineService.apk
com.unisoc.networksliceserver	system	yes	no	13	/system_ext/priv-app/NetworkSliceAgent/NetworkSliceAgent.apk
com.unisoc.phone	system	yes	no	13	/system_ext/priv-app/UniTelephony/UniTelephony.apk
com.unisoc.silent.reboot	system	yes	no	13	/system_ext/priv-app/UniSilentReboot/UniSilentReboot.apk
com.zhiliaoapp.musically	preinstalled-user	yes	yes	33.6.1	/system/preloadapp/com.zhiliaoapp.musically_2023105040/com.zhiliaoapp.musically_2023105040.apk
com.zzkko	preinstalled-user	yes	yes	10.4.3	/system/preloadapp/shein_998/shein_998.apk
io.yellowcard.app	preinstalled-user	yes	yes	5.0.8	/system/preloadapp/io.yellowcard.app_215080004/io.yellowcard.app_215080004.apk
sleep.monitor.sleep.tracker.app	preinstalled-user	yes	yes	2.4.1	/system/preloadapp/sleep.monitor.sleep.tracker.app_27/sleep.monitor.sleep.tracker.app_27.apk
